protein_sequence,dna_sequence,expression
MGKSDFLSPKAIANRIKSKGLQKLRWYCQMCQKQCRDENGFKCHCMSESHQRQLLLASENPQQFMDYFSEEFRNDFLELLRRRFGTKRVHNNIVYNEYISHREHIHMNATQWETLTDFTKWLGREGLCKVDETPKGWYIQYIDRDPETIRRQLELEKKKKQDLDDEEKTAKFIEEQVRRGLEGKEQETPVFTELSRENDEEKVTFNLNKGAGSSAVATSSKSGSLGPSALKTLGSASSMRRKESSQSSAQPAKKKKKSALDEIMELEEEKKRTARTDSWLQPGIIVKIITKKLGEKYHKKKGVVKEVIDRYTAVVKMIDSGDRLKLDQTHLETVIPAPGKRILVLNGGYRGNEGTLESINEKTFSATIVIETGPLKGRRVEGIQYEDISKLA,ATGGGCAAATCGGATTTTCTGAGCCCAAAGGCCATCGCGAATAGAATTAAGTCCAAAGGGCTCCAGAAGCTTCGCTGGTACTGCCAGATGTGCCAAAAACAATGCCGTGACGAGAATGGCTTTAAGTGTCATTGTATGTCTGAATCTCATCAAAGACAACTGTTGCTGGCTTCAGAAAATCCTCAGCAGTTTATGGATTATTTTTCGGAGGAATTCCGAAATGACTTTCTGGAACTTCTGAGGAGACGCTTTGGCACTAAGAGAGTCCACAACAATATAGTGTACAATGAATACATCAGCCACCGAGAGCACATCCATATGAACGCCACTCAGTGGGAAACTCTGACCGACTTTACCAAATGGCTGGGCAGAGAGGGCTTGTGTAAAGTGGATGAGACACCGAAAGGCTGGTACATTCAGTACATAGACAGAGACCCGGAAACTATTCGCAGGCAACTGGAATTAGAAAAAAAGAAGAAGCAAGATCTTGACGATGAAGAAAAAACTGCCAAATTCATTGAGGAACAGGTGAGACGAGGTCTGGAGGGGAAAGAGCAGGAGACGCCTGTTTTTACAGAATTAAGCCGAGAAAACGATGAAGAAAAGGTGACATTCAATCTGAATAAAGGAGCAGGTAGCTCAGCGGTAGCCACATCATCAAAGTCAGGCTCTTTGGGACCAAGTGCACTGAAGACTCTGGGGAGTGCATCGTCAATGAGACGGAAAGAATCTTCACAGAGCTCAGCTCAACCTGCCAAGAAGAAAAAGAAGTCTGCCCTGGACGAAATCATGGAGCTTGAAGAGGAAAAGAAAAGAACTGCACGAACAGATTCCTGGCTACAGCCTGGAATCATTGTGAAAATTATAACTAAGAAACTAGGAGAGAAATATCACAAGAAAAAAGGTGTCGTTAAGGAAGTGATTGACAGATACACAGCTGTGGTAAAGATGATTGACTCTGGAGACAGGCTGAAACTGGACCAGACTCATTTAGAGACTGTCATTCCAGCACCAGGGAAAAGAATTCTAGTTTTAAACGGTGGCTACAGAGGAAACGAAGGCACTCTAGAATCCATCAATGAAAAGACTTTTTCAGCCACTATAGTCATTGAAACTGGACCTTTGAAAGGACGAAGGGTGGAAGGTATTCAGTATGAAGACATATCTAAACTTGCTTGA,0.087452685
MQRLTCVLIWLFLLGGQAFEIPINEYSERSLPEESGETTDDVDQVTLYSYKVQSTITSRMATTIIQSKLVNNSPQSQSVVFDVQIPKGAFISNFTMTVNGITFTSTIREKTVGRALYSQARAKGKTAGWVRSRTLDMENFNTEVNIPPGAKVQFELHYQEMKWRKLGSYEHKIHLQPGRLAKHLEVNVWIVEPQGMRFLHVPDTFEGHFQGVPVISKGQQKAHVSFKPTVAQQRKCPNCTETAVDGELVVMYDVNREEKAGELEVFNGYFVHFFAPENLDPIPKNILFVIDVSGSMWGIKMKQTVEAMKTILEDLRTEDQFSVVDFNHNVRTWRNDLVSATKTQIADAKRYIEKIQPSGGELKLSKIQKNVKQNIQDNISLFSLGIGFDVDYDFLKRLSNENRGIAQRIYGNRDTSSQLKANTELVLETLSQMDDLEDFLSKDKHADPNFTKKLWAYLTINQLLAERSLAPTAAIKRKITKTILQMSLDHHIVTPLTAMVIENEAGDERMLADSPPQDHSCCSVENDPHFIIYLPKSQKNICFNIDSEPGKILSLVSDPESGILVNGQLIGAKKAENGKLRTYFGKLGFYFQKEDMKIEISTETITLSYGSSTTSLSWSDTAHLGNQRQVLITVKKGKSVTLALDKEMFFSVLLHRVWKKHPVNVDFLGIYIPPTNKFSPSAHGLLGQFMNEPNIHIFNERPGKDPEKPEASMEVKGHKLTVTRGLQKDYRTDIVFGTDVPCWFVHNSGKGFIDGHYKDYLVPQLYSFLKRP,ATGCAGCGACTCACATGCGTTCTCATCTGGCTATTTCTTTTGGGAGGACAAGCCTTTGAAATCCCCATAAATGAGTACTCTGAAAGAAGCCTTCCTGAAGAATCAGGGGAGACGACGGATGATGTTGATCAAGTAACTCTTTATAGCTACAAAGTCCAGTCCACTATTACTTCTCGGATGGCCACCACTATCATCCAGAGCAAACTGGTGAACAATTCCCCACAGTCTCAAAGCGTAGTGTTCGATGTTCAAATCCCCAAAGGAGCCTTTATCTCCAACTTCACCATGACTGTGAATGGTATAACATTTACAAGCACCATCAGGGAGAAAACTGTGGGCCGAGCTCTTTATTCACAGGCAAGAGCAAAAGGCAAGACGGCCGGATGGGTGAGGAGCAGAACTCTTGATATGGAGAACTTTAACACGGAAGTAAACATCCCCCCTGGGGCAAAGGTGCAGTTTGAACTTCATTACCAGGAAATGAAGTGGAGAAAGCTGGGATCCTATGAGCACAAGATTCATCTGCAGCCAGGAAGGTTGGCCAAACACTTGGAGGTGAACGTGTGGATTGTTGAACCTCAAGGGATGAGATTTCTTCATGTTCCTGACACATTTGAAGGCCATTTCCAAGGTGTCCCAGTCATATCCAAAGGACAGCAGAAGGCCCATGTCTCCTTCAAGCCCACAGTAGCACAACAAAGAAAATGCCCCAACTGCACTGAAACTGCAGTGGATGGAGAGCTGGTGGTGATGTATGATGTCAACAGAGAAGAGAAGGCTGGGGAGCTGGAGGTGTTTAATGGATATTTTGTGCACTTCTTTGCTCCTGAGAACCTGGACCCAATTCCCAAAAACATCCTTTTTGTTATTGATGTTAGTGGTTCCATGTGGGGAATAAAGATGAAACAGACTGTAGAGGCAATGAAGACCATACTGGAAGACTTAAGAACCGAAGATCAATTCTCTGTGGTTGATTTCAACCATAATGTTCGAACCTGGAGAAATGATTTAGTATCAGCTACTAAAACACAAATTGCAGATGCCAAGAGATACATTGAGAAAATCCAGCCTAGTGGAGGTGAACTGAAACTGTCCAAGATTCAGAAAAATGTGAAGCAGAACATCCAAGATAACATCTCCTTGTTTAGTTTGGGGATAGGATTTGATGTGGACTATGATTTTTTGAAGAGACTGTCCAATGAAAACCGTGGTATTGCTCAGCGGATCTATGGGAACCGTGACACATCCTCACAGCTCAAGGCTAACACCGAATTGGTCTTGGAAACCTTGAGTCAGATGGATGACCTGGAGGATTTTCTATCAAAAGACAAGCATGCGGACCCTAACTTCACCAAAAAACTATGGGCCTATCTTACGATCAACCAACTGCTAGCAGAGAGAAGTCTGGCTCCTACAGCTGCCATCAAAAGGAAAATCACAAAAACAATCTTACAGATGTCTCTAGACCATCATATTGTAACTCCACTTACTGCCATGGTGATTGAGAATGAAGCTGGGGATGAGCGCATGCTGGCTGACTCCCCACCGCAGGACCATTCTTGCTGCTCAGTGGAAAATGACCCTCACTTCATCATTTACCTACCAAAAAGCCAAAAGAATATCTGTTTCAATATTGACTCAGAACCTGGAAAAATCCTCAGCCTGGTGTCTGATCCAGAATCAGGGATTTTAGTCAATGGTCAGCTTATTGGTGCCAAAAAGGCAGAGAATGGAAAACTAAGAACCTACTTTGGAAAATTGGGATTTTATTTCCAAAAAGAAGACATGAAAATAGAAATCAGCACAGAGACCATCACGCTGAGCTATGGTTCTTCTACAACTAGCTTGTCCTGGTCCGATACAGCTCATCTTGGGAATCAGAGGCAGGTGCTTATCACCGTGAAGAAAGGAAAATCTGTGACTCTCGCCCTGGATAAGGAGATGTTCTTTTCTGTTCTGCTACATCGTGTGTGGAAGAAGCACCCAGTCAATGTTGACTTTCTGGGGATCTACATTCCCCCGACAAACAAGTTTTCACCCAGTGCACATGGACTCTTAGGGCAGTTCATGAATGAGCCAAACATCCATATCTTCAATGAGAGACCAGGAAAAGATCCAGAAAAACCAGAGGCAAGCATGGAAGTGAAAGGACATAAGCTGACTGTTACCAGAGGCTTGCAGAAGGACTACAGAACAGACATAGTGTTTGGAACAGACGTTCCCTGCTGGTTTGTGCACAACAGTGGGAAAGGATTCATCGACGGGCATTACAAGGATTACCTCGTACCTCAGCTCTATAGCTTTCTCAAACGGCCTTAA,0.644099678
MDRHLPVSKMQNSSSPLEKQTGPAYGNGDLDSEEGSGLEENGFSWGDYLEETGTRAAPHSSFRHVEISIQSNFQPGMKLEVANKNNPDTYWVATIITTCGQLLLLRYCGYGEDRRADFWCDVIIADLHPVGWCTQNNKVLMPPDAIKEKYTDWTEFLIRDLTGSRTAPANLLEGPLRGKGPIDLITVDSLIELQDSQNPFQYWIVSVIENVGGRLRLRYVGLEDTESYDQWLFYLDYRLRPVGWCQENKYRMEPPSELYPLKMTSEWKCALEKALIVAAESPLPMEVFKDHADLRSHFFTVGMKLETVNMSEPFHICPASVTKVFNNHFFQVTIDDLRPESNKLSMLCHADSLGILPVQWCLKNGVNLTPPKGYLGQDFDWADYHKQHGAEEAPPFCFRNAAFNRGFTKNMKLEAVNPRNPGEVCVASVVSVKGRLLWLHLEGLQTPIPEVIVDMDSMDIFPVGWCEANFYPLTTPHKTVPDKKRKIAVVQPEKQLLSAVPVEKIPHDRCLLPHTDTAAGTVNGKYCCPQLFVNHRCFSGPFLNKGRIAELPQSVGPGKCVLVLKEVLSMIINAAYKPGRVLRELQLVEDPHWNFQEETLKAKYRGKTYRAVVKIVRTSDQVSNFCRRVCAKLECCPNLFSPVLISENCPENCSIHTKTKYTYYYGKRKKIIKPPIGESSIETPHPKPARRRKRRKSVFVQKRRRSSAVDCPAGSGEESEEEEADAPEDDTASEETSSEVRDDQTDTSSAEVPSARPRRAVTLRSNSEAVKRPPVERARRVRPVPTTPSADEGNKGPPAKPAEPESHLARRQGRSKYSKPKTKQKKGPSTCAPLTLETSLRRPDHALKGVVRHTRSQHLAGMVKVSPTELPSSQETKQEEEERLILESNPLEWTVTDVVRFIKLTDCAPLAKIFQEQDIDGQALLLLTLPTVQECMELKLGPAIKLCHQIERVKVAFYAQYAN,ATGGACAGACATTTGCCAGTTTCCAAGATGCAAAACTCATCCTCACCATTGGAAAAGCAAACCGGTCCAGCATATGGGAATGGGGACCTTGATTCAGAGGAAGGTTCTGGCCTGGAGGAAAACGGCTTTAGCTGGGGAGACTATTTGGAAGAAACAGGCACCAGGGCGGCGCCACACTCATCCTTCAGGCATGTGGAAATCAGCATCCAGAGTAACTTCCAGCCGGGAATGAAGTTGGAGGTGGCCAATAAGAACAATCCAGACACTTACTGGGTGGCCACGATCATCACCACTTGTGGACAGCTGCTGCTTCTGCGTTACTGTGGTTATGGGGAGGACCGAAGGGCGGACTTCTGGTGTGACGTGATCATAGCAGATCTGCACCCCGTGGGGTGGTGCACACAGAACAACAAAGTGTTGATGCCTCCGGATGCTATCAAGGAGAAGTACACAGACTGGACAGAATTCCTCATACGGGATTTGACTGGTTCTCGGACAGCGCCTGCCAACCTTCTGGAAGGTCCTCTGCGAGGGAAAGGCCCTATAGACCTCATTACAGTTGATTCCTTAATAGAGCTTCAGGACTCTCAGAACCCCTTTCAGTACTGGATAGTTAGTGTGATTGAAAATGTCGGAGGAAGATTACGCCTTCGCTATGTGGGATTGGAGGACACTGAATCCTATGACCAGTGGTTGTTTTACTTGGATTACAGACTTCGACCAGTTGGTTGGTGTCAAGAGAATAAGTACAGAATGGAGCCACCTTCAGAACTCTATCCTCTGAAGATGACTTCTGAATGGAAATGTGCTCTAGAAAAAGCCCTAATTGTTGCTGCAGAGTCTCCTCTTCCAATGGAAGTATTTAAGGACCATGCAGACCTGCGAAGCCATTTCTTCACAGTTGGGATGAAGCTGGAGACAGTGAATATGAGTGAGCCCTTTCATATCTGTCCTGCATCAGTGACCAAGGTTTTTAACAATCATTTTTTCCAAGTGACTATTGATGACCTAAGACCTGAATCTAACAAACTCTCGATGCTGTGCCATGCGGATTCTTTGGGAATTTTGCCAGTACAGTGGTGCCTTAAAAATGGAGTCAACCTCACACCTCCCAAAGGTTACTTGGGCCAGGACTTTGACTGGGCAGATTATCACAAGCAGCATGGGGCAGAAGAAGCACCACCCTTCTGCTTCAGAAATGCAGCCTTCAATCGGGGCTTCACAAAGAACATGAAGCTTGAAGCTGTGAACCCCAGGAATCCAGGAGAGGTGTGTGTGGCTTCTGTGGTCAGTGTGAAGGGGCGGTTGCTATGGCTCCATCTAGAAGGTCTTCAGACTCCAATTCCAGAGGTCATTGTGGATATGGATTCCATGGATATCTTCCCTGTGGGCTGGTGTGAAGCGAATTTTTACCCTTTGACCACACCACACAAGACAGTCCCCGATAAGAAGAGGAAGATTGCAGTTGTACAGCCGGAGAAACAATTGTTATCCGCAGTGCCTGTTGAGAAAATACCTCATGACCGTTGCTTGTTACCTCACACGGACACTGCAGCAGGAACTGTCAACGGGAAGTACTGCTGCCCACAGTTGTTTGTCAACCACCGGTGTTTCTCAGGCCCGTTCCTGAACAAAGGGAGGATTGCAGAGCTACCTCAGTCAGTGGGGCCTGGCAAGTGTGTACTGGTGCTTAAAGAGGTTCTTAGCATGATAATCAATGCGGCCTACAAGCCTGGGAGGGTATTGAGAGAATTGCAATTGGTGGAAGATCCACACTGGAATTTTCAGGAGGAGACACTCAAGGCAAAGTACAGAGGCAAAACATACAGGGCTGTGGTTAAGATCGTACGGACATCAGACCAAGTATCAAATTTCTGTCGGCGAGTTTGTGCCAAGCTGGAATGCTGTCCAAATTTATTTAGTCCTGTGTTGATTTCTGAAAACTGCCCAGAGAACTGTTCTATTCACACCAAAACCAAATACACCTATTATTATGGAAAAAGAAAGAAGATCATTAAACCCCCCATTGGGGAAAGCAGCATTGAAACCCCGCATCCAAAACCAGCCAGGAGAAGGAAACGACGGAAATCTGTCTTTGTGCAGAAGAGACGGAGGTCTTCCGCTGTGGACTGCCCAGCAGGCTCCGGGGAGGAAAGCGAAGAGGAGGAGGCAGATGCCCCGGAGGATGACACCGCGAGTGAGGAAACTAGTTCCGAGGTCCGAGATGACCAGACAGATACCTCATCAGCAGAAGTGCCCTCTGCCCGGCCCCGGAGGGCTGTGACCCTGAGGAGCAACTCAGAGGCCGTGAAGCGGCCTCCAGTGGAGAGGGCACGAAGGGTCCGCCCAGTGCCAACCACTCCATCTGCTGATGAAGGAAACAAGGGTCCACCTGCTAAGCCTGCGGAACCAGAGAGCCACCTAGCCCGCCGGCAAGGCAGGAGTAAGTACAGCAAGCCGAAGACGAAACAGAAGAAGGGACCTTCCACGTGTGCACCTCTCACTCTTGAAACTTCCCTTCGTCGCCCTGACCATGCCCTCAAAGGTGTGGTCAGGCACACCCGTAGCCAGCACCTAGCAGGCATGGTTAAGGTGTCCCCTACAGAGCTGCCTTCCAGTCAGGAAACAAAGCAAGAGGAGGAGGAAAGGCTGATTCTGGAGAGTAATCCACTGGAGTGGACAGTCACAGATGTGGTACGATTCATCAAGCTGACAGACTGTGCGCCCTTGGCCAAGATCTTTCAGGAGCAGGACATTGATGGCCAGGCACTCCTACTGCTGACTCTACCAACAGTGCAGGAATGTATGGAGCTGAAGCTGGGACCTGCTATCAAGTTATGCCACCAGATCGAGCGAGTGAAAGTGGCTTTCTATGCCCAGTATGCTAATTAA,0.356827186
MSLYDDLGVETSDSKTEGWSKNFKLLQSQLQVKKAALTQAKSQRTKQSTVLAPVIDLKRGGSSDDRQIVDTPPHVAAGLKDPVPSGFSAGEVLIPLADEYDPMFPNDYEKVVKRQREERQRQRELERQKEIEEREKRRKDRHEASGFSRRPDPDSDEDEDYERERRKRSMGGAAIAPPTSLVEKDKELPRDFPYEEDSRPRSQSSKAAIPPPVYEEPDRPRSPTGPSNSFLANMGGTVAHKIMQKYGFREGQGLGKHEQGLSTALSVEKTSKRGGKIIVGDATEKGESQDASKKSDSNPLTEILKCPTKVVLLRNMVGAGEVDEDLEVETKEECEKYGKVGKCVIFEIPGAPDDEAVRIFLEFERVESAIKAVVDLNGRYFGGRVVKACFYNLDKFRVLDLAEQV,ATGTCCCTATATGATGACCTGGGAGTGGAGACCAGTGACTCAAAAACCGAAGGCTGGTCCAAAAACTTCAAGCTTCTGCAGTCCCAGCTTCAGGTGAAGAAGGCAGCTCTCACTCAAGCCAAGAGTCAGCGGACAAAACAAAGTACAGTCCTTGCCCCAGTCATCGACCTAAAGCGAGGAGGCTCCTCAGATGACCGGCAGATTGTAGACACACCACCTCATGTAGCAGCTGGGCTGAAGGACCCTGTTCCCAGTGGGTTTTCTGCAGGGGAAGTTCTGATCCCCTTAGCTGATGAATATGATCCTATGTTTCCTAATGATTATGAGAAAGTAGTGAAGCGCCAGAGAGAGGAGCGACAGAGGCAGCGGGAGCTGGAAAGACAGAAGGAAATAGAAGAAAGAGAAAAGAGGCGTAAAGACAGGCATGAAGCCAGCGGGTTTTCTAGGCGACCAGACCCAGATTCTGATGAAGATGAAGATTATGAGCGAGAGCGGAGAAAAAGAAGTATGGGAGGAGCTGCCATTGCCCCACCTACTTCTCTTGTAGAGAAAGACAAGGAGTTACCCCGAGATTTTCCTTATGAAGAGGACTCAAGACCTCGATCACAGTCTTCCAAAGCTGCTATTCCTCCCCCAGTATATGAGGAGCCAGATAGACCAAGATCTCCAACAGGCCCCAGCAACTCCTTCCTTGCTAACATGGGTGGCACAGTGGCTCATAAGATCATGCAGAAATATGGCTTCCGGGAAGGCCAGGGGCTGGGGAAACATGAGCAAGGGCTAAGTACTGCACTGTCGGTGGAGAAGACCAGCAAGCGTGGCGGCAAGATCATTGTGGGTGATGCAACGGAGAAGGGCGAGTCTCAGGATGCATCCAAGAAGTCGGATTCAAATCCATTAACTGAAATACTTAAGTGCCCTACTAAAGTGGTCCTGCTGAGGAACATGGTTGGTGCAGGAGAGGTTGATGAAGACTTGGAAGTTGAAACCAAGGAAGAATGTGAAAAATATGGCAAAGTTGGGAAATGTGTGATATTTGAGATTCCTGGTGCCCCTGATGATGAAGCAGTGCGGATATTTTTAGAATTTGAGAGAGTTGAATCAGCAATTAAAGCTGTTGTTGATCTCAATGGGAGGTATTTTGGTGGACGGGTGGTTAAAGCATGTTTCTACAATTTGGATAAATTCAGGGTCTTGGATCTGGCAGAACAAGTTTGA,0.279265456
MTSRHLRGCGVHALQVLLLLLLLLLPLRVTPGTTCPTPISVEHADIRVKNYSVNSRERYVCNSGFKRKAGTSSLTECVINKNTNTAHWTTPNLKCIRDPSLAYQSPVLPSTVVTTTVTPQPESPSPPEKEPETVSPKSDTTLATETAIVPGFRLTPSQPASTGTTGTGSHESSRAPSLATTMTLEPTASTSLRIPEISPNSSKMTKVAISTSVLTLLVGAGVVALLVCYIRSRQTSQPHGVEMETMEAVPMTVRPRSNEDDTEA,ATGACTTCGCGGCATCTCCGGGGCTGTGGAGTCCACGCCCTCCAGGTGTTGCTGCTGCTGCTGTTGCTGTTGCTCCCGCTGAGGGTGACGCCGGGCACCACATGCCCAACCCCCATATCTGTTGAACATGCAGACATCCGGGTCAAGAATTACAGCGTGAACTCCAGGGAGAGGTATGTCTGTAATTCTGGTTTCAAACGGAAAGCCGGCACATCCTCACTGACTGAATGTGTGATTAACAAGAACACAAACACTGCCCACTGGACAACTCCTAACCTCAAGTGCATCAGAGACCCCTCCCTGGCTTACCAGAGTCCAGTGCTACCTTCCACAGTAGTGACGACAACGGTGACCCCACAGCCAGAGAGCCCCTCCCCTCCTGAAAAAGAGCCAGAAACTGTATCTCCCAAATCAGATACCACATTGGCCACAGAGACAGCTATTGTGCCAGGCTTCCGGCTGACACCATCCCAACCAGCATCTACAGGAACCACAGGGACAGGCAGTCATGAGTCCTCCCGAGCCCCATCTCTTGCAACAACAATGACCTTGGAGCCTACGGCCTCCACTTCCCTCAGGATACCAGAGATTTCTCCAAACAGCTCCAAAATGACCAAAGTGGCCATCTCCACATCAGTCCTGACCCTCCTGGTTGGTGCAGGAGTTGTGGCTCTCCTTGTCTGCTACATCAGATCAAGGCAGACTTCTCAGCCACATGGTGTTGAGATGGAAACCATGGAAGCAGTGCCAATGACCGTGAGGCCCCGTAGCAATGAGGACGACACAGAAGCCTAA,0.843435385
MNEEYDVIVLGTGLTECILSGIMSVNGKKVLHMDQNPYYGGESASITPLEDLYKRFKLPGQPPASMGRGRDWNVDLIPKFLMANGQLVKMLLYTEVTRYMDFKVIEGSFVYKGGKIYKVPSTEAEALASSLMGLFEKRRFRKFLVYVANFDEKDPRTFEGIDPKKTSMRDLYKKFDLGQDVVDFTGHSLALYRTDDYLDQPCCDTINRIKLYSESLARYGKSPYLYPLYGLGELPQGFARLSAIYGGTYMLNKPIEEIIVQNGKVVGVKSEGEIARCKQLICDPSYVKDRVEKVGQVIRVICILSHPIKNTNDANSCQIIIPQNQVNRKSDIYVCMISFAHNVAAQGKYIAIVSTTVETKEPEKEIRPALELLEPIEQKFVSISDLFVPKDLGTESQIFISRAYDATTHFETTCDDIKDIYKRMTGSEFDFEEMKRKKNDIYGED,ATGAATGAGGAATACGATGTGATCGTGCTGGGCACCGGCCTGACGGAGTGTATCCTGTCAGGGATAATGTCAGTGAATGGAAAGAAGGTTCTTCACATGGATCAGAACCCGTACTATGGAGGAGAAAGCGCATCTATAACACCACTGGAAGATTTATACAAAAGATTTAAGTTACCAGGACAACCACCAGCATCAATGGGGAGAGGAAGAGACTGGAATGTTGACTTAATTCCCAAGTTCCTTATGGCCAATGGTCAGTTGGTGAAGATGTTACTTTACACAGAGGTCACTCGCTATATGGATTTCAAAGTGATTGAAGGGAGCTTTGTCTACAAGGGAGGGAAAATCTACAAGGTTCCTTCCACTGAAGCAGAAGCACTGGCATCTAGTTTAATGGGACTGTTTGAAAAACGCCGCTTCAGGAAGTTCCTAGTTTATGTCGCCAACTTTGATGAAAAAGATCCTAGAACTTTTGAGGGCATTGACCCTAAGAAGACCTCCATGAGAGATTTGTATAAGAAGTTTGATTTGGGCCAAGATGTTGTAGACTTCACTGGCCATTCTCTTGCACTGTACAGAACAGATGACTACTTAGATCAGCCGTGTTGTGATACCATTAATAGAATTAAACTTTACAGCGAATCTTTGGCAAGATATGGTAAAAGCCCATACCTTTATCCCCTCTATGGCCTTGGAGAATTGCCACAAGGATTTGCAAGGTTAAGTGCTATATATGGAGGTACCTACATGTTGAATAAACCAATTGAAGAAATCATTGTGCAAAATGGAAAAGTGGTTGGTGTAAAGTCTGAAGGAGAGATTGCTCGCTGTAAGCAGCTCATCTGCGACCCCAGCTATGTAAAAGATCGGGTTGAAAAAGTGGGCCAGGTAATCAGAGTGATCTGTATCCTTAGCCACCCTATCAAGAACACCAATGATGCCAATTCCTGCCAGATCATCATTCCACAGAACCAAGTCAACCGGAAGTCAGATATCTATGTTTGCATGATCTCCTTTGCACACAATGTGGCAGCACAGGGCAAATATATTGCCATTGTTAGTACAACCGTGGAGACCAAGGAACCAGAGAAGGAAATCAGACCAGCTTTGGAGCTCTTGGAACCAATTGAACAGAAATTTGTCAGCATCAGTGACCTCTTTGTACCTAAAGATTTGGGAACAGAGAGCCAGATCTTTATTTCCCGTGCCTATGATGCAACCACTCACTTTGAGACAACCTGTGATGACATTAAAGATATCTATAAGAGAATGACAGGATCTGAGTTTGACTTTGAAGAAATGAAGCGCAAGAAGAATGACATTTATGGAGAAGACTAA,0.5831278
MEPRAGDGCFLGDVGFWVERTPVHEAAQRGESLQLQQLIESGACVNQVTVDSITPLHAASLQGQAQCVQLLLAAGAQVDARNIDGSTPLCDACASGSIECVKLLLSYGAKVNPPLYTASPLHEACMSGSSECVRLLIDVGANLEAHDCHFGTPLHVACAREHLDCVKVLLNAGANVNAAKLHETALHHAAKVKNVDLIEMLIEFGGNIYARDNRGKKPSDYTWSSSAPAKCFEYYEKTPLTLSQLCRVSLRKATGVRGLEKVAKLNIPPRLIDYLSYN,ATGGAGCCCCGCGCCGGGGACGGCTGCTTTCTGGGAGATGTGGGATTCTGGGTGGAGCGTACCCCTGTGCATGAGGCAGCTCAGCGGGGTGAGAGCCTACAGCTTCAGCAGCTGATTGAGAGTGGAGCATGTGTTAATCAGGTCACCGTGGACTCCATCACACCCCTTCATGCGGCGAGTCTGCAGGGCCAGGCCCAGTGTGTGCAACTGCTGCTGGCAGCTGGTGCCCAGGTGGATGCACGCAACATTGATGGCAGCACCCCTCTTTGTGATGCCTGTGCCTCAGGCAGCATCGAGTGTGTGAAGCTCTTGCTGTCCTATGGGGCGAAGGTCAACCCTCCTTTGTACACTGCATCTCCGCTACATGAGGCCTGCATGAGTGGGAGTTCTGAATGTGTGAGGCTTCTTATTGACGTTGGGGCCAACCTGGAAGCTCACGATTGCCATTTCGGGACCCCTCTACATGTTGCCTGTGCACGAGAGCATTTGGACTGTGTCAAAGTTTTGCTCAATGCAGGGGCCAATGTAAATGCAGCTAAACTTCACGAGACCGCCCTTCATCATGCAGCCAAGGTAAAGAACGTCGACCTCATCGAGATGCTCATAGAGTTTGGAGGCAACATCTACGCCCGGGACAACCGGGGGAAGAAGCCCTCGGACTACACGTGGAGCAGCAGCGCCCCGGCCAAGTGCTTTGAGTACTATGAAAAGACACCTCTTACCCTCTCACAGCTCTGCAGGGTGAGCTTGAGGAAGGCCACTGGCGTTCGAGGGCTAGAGAAAGTCGCCAAGTTAAACATCCCTCCACGGCTCATCGACTACCTTTCCTACAACTGA,0.877545418
MDSTKIAIDVGFRHIDCAHMYQNEKEVGQAIQSKIEDGTVKREDIFCTSKAMEKCKDAGLTKSIGVSNFNCRQLEMILNKPGLKYKPVCNQVECHPYLNQSKLLEYCKMNDIILVAYGALGTQRYKYCVNEDTPFLLDDPVLCAMAEKYKRTPALIALRYQLQRGIVVLAKSFNEERIRENMQLLGCAQQTRRELREAGMGRGFLGATYCMTQETIHDP,ATGGATTCCACCAAAATAGCTATAGATGTTGGATTCCGCCATATTGATTGTGCTCACATGTACCAAAATGAAAAAGAGGTGGGACAGGCCATTCAAAGCAAAATTGAAGATGGCACTGTGAAAAGGGAAGATATATTCTGTACTTCAAAGGCCATGGAGAAGTGTAAGGATGCAGGATTAACCAAGTCTATCGGGGTGTCCAACTTTAACTGTAGGCAGTTGGAGATGATCCTGAACAAACCAGGGCTCAAATATAAGCCTGTGTGCAACCAGGTAGAATGTCATCCTTATCTCAATCAGAGCAAGCTTCTGGAGTACTGCAAGATGAATGACATCATCTTGGTTGCCTATGGTGCGCTGGGAACTCAGAGATATAAATACTGTGTTAATGAAGATACCCCATTTCTCTTGGATGATCCAGTTCTTTGTGCCATGGCAGAGAAGTACAAGCGGACTCCTGCCCTAATTGCCCTTCGCTACCAGCTGCAGCGTGGGATTGTGGTCCTGGCTAAGAGTTTCAATGAGGAGCGAATCAGAGAGAACATGCAGCTTCTGGGCTGTGCCCAGCAGACTCGTAGGGAGCTTCGAGAAGCTGGAATGGGCCGTGGATTTCTGGGCGCCACTTATTGCATGACCCAAGAGACAATCCATGATCCATAA,0.383124982
VPRCKSVEAAKLAIGVGYRHIDTAYVYQIEEEIGQAIQSNIKAGDVKREDLFITTKVPENKPLEAINLAIEAGYRHIDTAYVYQTEKDVGQAIRSKIAAGLLKREDIFVTTKVMEKCKDAGLVKSIGVSNFNSRQLEKILNKPGLKYKPVCNQVECHLYLNQSKLLNYCMSKDIVLVAYCALGSQRPKRWVDPSSPVLLNDPVLCEVAKKHKQSPAQVALRYHLQRGIVVLAQSYKENEIKENLQEPKTKVTEATKIAIDAGFRHIDSASMYQNEEEIGLAIRSKIAEGTVKREHIFYTSKPGENYLPKDENGKFIFDIVDLCATWEAMEKCKDAGLTKFIGVSNFNRRQLEMILNKPGLKHKPVCNQVECHPYLNQRKLLDFCKSKDIVLVAYSALGSHREKTWVDSNLPILLDDPVLGSMAKKYKRTPALIALRYQLQRGVVVLAKSFTEKRIKENMQFSKSKIKEPIKIAIEAGIYHFDCASIYKTEEYVGESIRTKIADGTLRREDIFYTSKVWCNCLRPELVRSSLEQSLKKVQLDYVDLYIMHFPMALKPGEEEFPVDEHGKLIFDTVDLCVTWEAMEKCKDAGLTKSIGVSNFNRRQLEMILNKPGLKYKPVCNQVECHPYLNQMKLLDFCKSNDIALVAYGVLGTQRYTGWVDQNSPVLLDEPVLHCMAKKYNRTPALIALRYQLQRGIVALNSTFNEEHIKENIQVMHETVGFKIVHTLSHINFIGNSGSYINLVLLPCFPCFFLLYIFEWFYSFL,GTTCCCAGGTGTAAATCAGTGGAGGCTGCAAAACTAGCAATAGGTGTTGGGTACCGCCATATTGATACTGCTTATGTATATCAAATAGAAGAGGAGATAGGACAAGCCATTCAAAGCAATATTAAAGCTGGTGATGTAAAGAGAGAAGACCTGTTCATCACTACAAAGGTTCCTGAAAATAAGCCACTGGAGGCTATAAATTTAGCTATCGAGGCTGGGTACCGCCATATCGATACTGCTTATGTGTATCAAACAGAAAAGGATGTAGGGCAGGCTATTCGAAGCAAGATTGCAGCTGGTCTTTTGAAGAGAGAAGACATATTCGTCACTACAAAGGTCATGGAGAAGTGTAAGGATGCAGGATTGGTCAAGTCCATCGGGGTGTCCAACTTTAATAGCAGGCAGCTGGAGAAAATCCTGAATAAACCTGGGCTTAAGTACAAGCCTGTCTGCAACCAGGTGGAATGTCATCTTTACCTGAACCAGAGCAAGCTGTTAAACTACTGCATGTCAAAGGACATTGTTTTAGTTGCCTACTGTGCTCTTGGATCTCAACGACCTAAGCGATGGGTGGACCCAAGTTCCCCAGTTCTCTTAAATGATCCAGTTCTTTGTGAAGTGGCAAAAAAGCACAAGCAAAGTCCAGCCCAGGTTGCTCTTCGTTACCATCTTCAACGAGGAATTGTGGTCCTTGCCCAGAGTTACAAAGAAAATGAGATAAAAGAGAACTTACAGGAACCCAAGACTAAAGTTACAGAAGCCACCAAAATAGCTATAGATGCTGGTTTCCGCCATATTGACTCTGCTTCTATGTATCAAAATGAAGAGGAGATAGGGCTGGCCATCCGAAGCAAGATTGCAGAAGGCACTGTGAAGAGGGAACATATATTTTACACATCAAAGCCAGGAGAGAATTATTTACCAAAAGATGAGAATGGAAAATTCATATTTGACATAGTGGACCTCTGTGCCACCTGGGAGGCCATGGAGAAGTGTAAAGATGCAGGACTGACCAAATTCATTGGAGTGTCTAACTTTAACCGTAGGCAGTTGGAGATGATCCTGAACAAGCCAGGGCTCAAGCACAAGCCTGTGTGTAATCAGGTAGAATGTCATCCTTATCTCAACCAGAGAAAACTTCTGGATTTCTGCAAGTCAAAAGACATTGTTCTGGTTGCTTACAGTGCTCTGGGAAGCCACCGAGAAAAAACATGGGTAGACAGCAATTTGCCCATTCTTTTGGATGATCCAGTTCTTGGTTCCATGGCAAAAAAATACAAGCGAACACCAGCTCTGATTGCTCTTCGTTATCAACTGCAGCGTGGGGTTGTAGTCCTGGCCAAGAGTTTCACTGAGAAGAGGATAAAAGAGAATATGCAGTTTTCCAAGAGCAAGATTAAGGAGCCCATCAAAATAGCTATAGAAGCTGGCATCTATCATTTTGATTGTGCTTCTATTTATAAAACTGAAGAGTATGTGGGAGAGTCCATCAGGACGAAGATTGCTGATGGCACTCTGAGGAGAGAAGATATATTTTACACATCCAAGGTTTGGTGTAATTGCCTTCGTCCAGAATTGGTGAGATCTTCCTTGGAACAGTCACTGAAGAAAGTTCAGTTGGACTATGTGGACCTATATATCATGCATTTCCCAATGGCCCTGAAACCAGGAGAAGAGGAGTTTCCAGTGGATGAACATGGAAAATTAATATTTGACACAGTGGATCTCTGTGTCACCTGGGAAGCCATGGAGAAGTGTAAGGATGCAGGACTGACCAAGTCCATTGGAGTATCTAACTTTAACCGCAGGCAGCTGGAGATGATCCTTAACAAGCCAGGGCTCAAGTACAAGCCTGTGTGCAATCAGGTAGAATGTCATCCTTATCTCAACCAAATGAAACTTCTGGATTTCTGCAAGTCAAATGACATTGCACTGGTTGCCTATGGTGTTCTGGGAACACAACGATATACAGGCTGGGTGGACCAGAACTCCCCTGTTCTCTTGGATGAACCAGTTCTTCATTGCATGGCAAAAAAATACAATCGAACTCCAGCCTTGATCGCCCTTCGCTACCAGTTGCAGCGTGGGATTGTGGCCCTCAACAGCACTTTCAATGAAGAGCATATCAAAGAAAACATACAGGTGATGCATGAGACTGTGGGCTTCAAAATAGTTCACACTCTTTCTCATATAAACTTCATTGGAAACTCAGGATCCTATATCAACCTAGTCCTTCTACCTTGTTTCCCATGCTTTTTTCTTTTATATATATTTGAATGGTTTTATTCTTTTCTGTGA,0.31161084
MQTIPVVGLGTWKASPGEVVDAVKTAINFGYRHIDCAYLYHNEGEVGMGINSKIKEGVVKREELFVVSKLWCTYHKKSLVRTACTNTLKALNLDYLDLYLIHWPMGFKPGDKDVPLNCNGLVIPSNTSFLDTWEAMEDLVTEGLVKHIGVSNFNHEQLEKLLNKPGLKFKPITNQIECHPYLNQKNLIEFCHNRNVSVTAYRPLGGSRDGAELLDDIVIRKIAKKHGKSAAQIVIRFQIQRNVIVIPKSVTPSRIRENFQVFDFELTEKDMEELLSLDKNLRLATFPLTEHHKDYPFHIEY,ATGCAAACCATCCCTGTTGTGGGCTTGGGCACCTGGAAGGCCTCTCCAGGAGAAGTGGTCGATGCAGTTAAGACCGCTATCAACTTTGGGTACCGGCACATTGACTGTGCTTACTTATACCACAATGAGGGTGAGGTCGGAATGGGAATCAATTCCAAGATCAAGGAGGGTGTGGTGAAAAGAGAGGAACTGTTTGTTGTCAGTAAGCTGTGGTGCACCTACCATAAGAAGTCTTTGGTGAGAACAGCATGCACCAATACCCTGAAGGCCTTAAACTTGGATTACTTGGACCTCTACCTCATACATTGGCCCATGGGTTTCAAGCCCGGAGATAAAGATGTGCCTTTGAATTGCAATGGCCTGGTAATACCCAGTAATACCAGCTTTTTGGACACATGGGAGGCCATGGAGGACCTGGTGACTGAGGGACTGGTGAAGCACATTGGGGTGTCAAACTTTAACCATGAACAGCTTGAGAAACTTTTAAACAAGCCTGGTTTGAAGTTTAAGCCAATCACTAACCAGATTGAATGCCACCCATATCTTAACCAGAAGAATCTGATTGAGTTTTGCCATAATAGAAATGTGTCTGTGACAGCTTACCGTCCTCTTGGAGGTTCAAGAGATGGGGCTGAGTTGTTGGATGACATTGTCATTCGCAAGATCGCAAAGAAGCATGGGAAATCTGCTGCTCAGATTGTGATCCGATTTCAGATCCAAAGGAATGTGATAGTAATTCCGAAATCTGTTACCCCAAGTCGGATTAGGGAGAATTTCCAGGTATTTGATTTTGAATTAACAGAAAAAGATATGGAGGAACTCCTCAGCCTAGACAAGAACCTCCGGTTGGCCACATTCCCCTTAACTGAACACCACAAGGACTATCCTTTCCATATAGAGTACTGA,0.757134819
MWLHYLTRVEVTEFEDIKSGYKIDFYFDENPYFENKVLSKEFHLNESGDPSSKSMEIKWESGKNLTKYSSADELGEVIKDDRAVWGM,ATGTGGCTGCATTACTTGACCAGAGTTGAAGTGACAGAATTTGAAGACATTAAATCAGGTTACAAAATAGATTTTTATTTTGATGAAAATCCTTACTTTGAAAATAAAGTTCTCTCCAAAGAATTTCATCTGAATGAGAGTGGTGACCCGTCATCAAAGTCCATGGAGATCAAATGGGAATCTGGAAAGAATTTGACAAAATACTCAAGTGCAGATGAGTTAGGAGAGGTCATCAAAGATGATAGNNNNNNNNNNNNNNNNNNNNNNNNNNNNNNNNNNNNNNNNNNNNNNNNNNNNNNNNNNNNNNNNNNNNNNNNNNNNAGCTGTGTGGGGGATGTAGAGGAGGAGGAGGAGGAGGAGGAAGAAGGCTTGGAAGATATTGACAAAGGGGATGAAGATGATGACGAAGGGGAGGAAGGAGAGGAGGATGAAGACGAGGATGACTAG,0.529850603
MPTESGSCSTARQAKQKRKSHSLSIRRTNSSEQERTGLPREMLEGQDSKLPSSVRSTLLELFGQIEREFENLYIENLELRREIDTLNERLAGEGQAIDGAELSKGQLKTKASHSTSQLSQKLKTTYKASTSKIVSSFKTTTSRAICQLVKEYIGHRDGIWDVSVARTQPVVLGTASADHTALLWSIETGKCLVKYAGHVGSVNSIKFHPSEQLALTASGDQTAHIWRYVVQLPTPQPVADTSQQISGEDEIECSDKDEPDIDGDVSSDCPTVRVPLTSLKSHQGVVIAADWLVGGKQVVTASWDRTANLYDVETSELVHSLTGHDQELTHCCTHPTQRLVVTSSRDTTFRLWDFRDPSIHSVNVFQGHTDTVTSAVFTVGDNVVSGSDDRTVKVWDLKNMRSPIATIRTDSAINRINVCVGQKIIALPHDNRQVRLFDMSGVRLARLPRSSRQGHRRMVCCSAWSEDHPICNLFTCGFDRQAIGWNINIPALLQEK,ATGCCCACAGAAAGCGGAAGTTGTTCGACTGCTCGCCAAGCAAAACAAAAGCGCAAATCTCATAGCCTTTCTATACGAAGAACTAACAGCTCAGAACAGGAGAGGACTGGACTACCGAGAGAAATGTTAGAAGGACAAGATTCCAAACTGCCTTCCTCAGTCCGAAGTACATTGCTGGAACTGTTTGGTCAGATAGAAAGAGAATTTGAAAATCTTTACATCGAAAACTTAGAATTGCGCAGAGAAATTGATACTCTTAATGAACGCTTAGCTGGTGAAGGACAAGCGATCGATGGGGCAGAATTGAGTAAGGGCCAGCTCAAAACAAAAGCCAGTCACAGTACCAGTCAGCTTTCTCAGAAGCTAAAGACCACCTATAAGGCTTCCACCAGCAAGATTGTTTCCAGCTTTAAGACAACCACATCAAGGGCCATCTGCCAGCTTGTGAAGGAGTATATTGGCCACAGGGATGGCATCTGGGATGTCAGTGTTGCAAGGACACAGCCTGTGGTTCTTGGGACAGCGTCTGCTGATCACACGGCTTTGTTGTGGAGCATAGAGACTGGCAAATGCCTTGTCAAATACGCTGGCCATGTGGGCTCAGTAAATTCTATAAAATTTCATCCCTCAGAGCAGTTGGCTCTTACTGCTTCTGGAGATCAGACTGCTCATATTTGGAGATACGTGGTACAGCTTCCAACACCTCAGCCTGTTGCCGACACTAGTCAACAAATTTCTGGTGAAGATGAAATAGAGTGCTCTGATAAAGATGAGCCTGACATTGATGGAGACGTGTCCAGTGACTGCCCTACTGTCCGAGTCCCGCTGACATCTCTCAAAAGCCATCAGGGTGTGGTTATTGCTGCCGACTGGCTGGTTGGTGGGAAGCAGGTGGTGACAGCCTCCTGGGACAGAACTGCCAACCTGTATGATGTGGAGACATCTGAACTTGTTCATTCTCTGACAGGGCATGACCAGGAGTTAACACACTGTTGCACTCACCCCACCCAGCGGCTCGTGGTGACCTCTTCCCGTGACACAACTTTCCGTCTTTGGGATTTCAGGGACCCTTCCATCCACTCCGTGAATGTTTTCCAAGGACACACGGACACTGTGACCTCTGCTGTGTTCACTGTGGGAGACAACGTTGTTTCAGGCAGTGACGACCGTACAGTAAAAGTCTGGGATTTAAAAAATATGAGATCTCCAATTGCGACAATCCGTACAGACTCTGCTATTAATAGGATCAATGTATGTGTTGGCCAAAAAATCATAGCCCTCCCGCATGACAACCGGCAAGTTCGATTGTTTGATATGTCAGGAGTTCGACTAGCACGGCTTCCCCGGAGCAGCCGGCAGGGTCACAGACGAATGGTGTGCTGCTCAGCGTGGAGTGAAGATCACCCCATATGCAATCTGTTCACATGTGGGTTTGATAGGCAAGCTATTGGTTGGAACATCAATATTCCTGCATTGTTACAAGAAAAATAA,0.592586427
MWRGGALARVIGHAFRGRGLEAGLRAKSVEIRRISALHRSSCWNLCVSVLGQTRHPVTMPEINTSHLDEQQVQLLAEMCILIDENDNKIGADTKKNCHLNENIDKGLLHRAFSVFLFNTENKLLLQQRSDAKITFPGCFTNSCCSHPLSNPGELEENDAIGVKRAAQRRLKAELGIPLEEVDPNEMHYLTRIYYKAQSDGIWGEHEIDYILFLKKNVTLNPDPNEIKSYCYVSKEELKELVKKAASGEVKLTPWFKIIVDTFLFKWWDNLNHLSQFVDHEKIHRM,ATGTGGCGCGGAGGAGCGCTGGCGCGAGTGATTGGACATGCCTTTAGGGGGCGTGGTCTGGAGGCGGGGCTTCGTGCGAAGAGCGTTGAAATACGGCGCATCTCAGCACTTCATAGGAGTTCTTGTTGGAATCTCTGTGTTAGTGTTCTAGGTCAGACCAGACATCCTGTCACGATGCCTGAAATAAATACCAGCCATCTCGATGAACAACAGGTTCAACTTCTGGCAGAGATGTGTATTCTTATTGATGAAAATGACAATAAAATCGGGGCTGACACCAAGAAAAATTGTCACCTGAATGAAAACATTGACAAAGGATTATTACATCGAGCTTTTAGTGTCTTCTTGTTTAATACTGAAAATAAGCTCCTGTTACAGCAGAGATCAGATGCTAAAATTACCTTTCCAGGTTGTTTCACCAATAGTTGCTGTAGTCATCCATTAAGTAATCCAGGAGAGCTTGAAGAAAATGATGCCATTGGTGTAAAACGAGCTGCACAGAGGCGCTTAAAAGCTGAATTGGGAATACCCTTAGAAGAGGTTGATCCAAATGAAATGCATTATCTAACACGAATTTACTACAAGGCCCAATCTGATGGTATCTGGGGTGAACATGAAATTGATTATATTTTGTTTCTGAAGAAGAACGTAACCTTGAATCCGGATCCCAATGAGATTAAAAGCTATTGCTATGTATCAAAGGAAGAACTCAAAGAACTTGTGAAGAAAGCAGCCAGTGGTGAAGTTAAATTAACTCCGTGGTTTAAAATTATTGTAGACACTTTTCTCTTTAAATGGTGGGATAACTTAAACCATTTGAGTCAGTTTGTTGACCACGAGAAAATACACAGAATGTGA,0.507612153
MERDSVIEDKTMELMISNGTSSVIVSRKRPSEGNYQKEKDLCIQYFDRWSESDQRDFITVLPEQGLDHIAENILSYLEARSLCAAELVCKDWQRVISEGKLWKKLIERKVRADPLWKALCERRGWVQYLFKNRPTDGPPNSYSFYRSLYPKITQDIETLESNWRCGRHNLQKIQYGFENRGVCCLQYDDDKIICGLRDSCIKIWDKTSLKCLKVLTGHTGSVLCLQYEEPVIVTGSSDSTVKVWDVNTGTVLNTLIHHKEAVLHLRFSNGLMVTCSKDCSIAVWNMASATDITLHSVLIGHLAAVNVVDFDNKYIVSASGDRTIKVWSTSTCEFIRTLNGHKQALTCLQYRDRLVISGSSDNTIRLWDIECGTCLRVLEGHEELVRCIHFDNKRIVSGAYDGKIKVWDLQAALDPQAAANTLCLFTLVKHSRCMFCLQFDKFQIISGSHDDTICIWDFLNVPPSAQNETLSPSRTYTCISR,ATGGAGCGCGACTCGGTGATTGAGGACAAGACCATGGAGCTCATGATAAGTAACGGAACATCATCTGTGATTGTCTCCAGAAAGAGGCCATCAGAGGGGAACTACCAGAAAGAAAAGGACTTGTGCATTCAGTACTTTGACCGGTGGTCTGAATCAGATCAGCGGGACTTTATCACTGTCTTACCAGAACAAGGCTTAGATCACATAGCAGAAAACATCCTTTCTTATCTGGAAGCCAGGTCTCTGTGTGCAGCAGAGCTGGTGTGTAAAGACTGGCAGCGAGTGATCTCAGAAGGGAAGCTGTGGAAGAAGCTGATCGAGAGAAAGGTGCGCGCTGACCCTCTCTGGAAGGCCCTCTGCGAAAGAAGAGGGTGGGTTCAGTACCTGTTTAAGAACCGACCTACAGATGGTCCTCCCAATTCATATTCATTTTATAGATCATTGTACCCAAAGATTACCCAAGACATAGAGACCTTAGAATCAAATTGGCGGTGTGGACGACATAACTTGCAGAAGATCCAGTACGGCTTTGAAAATAGAGGTGTTTGCTGTTTGCAATACGATGATGACAAAATTATCTGTGGCCTCCGAGACAGCTGTATCAAGATCTGGGATAAAACCAGCCTGAAATGTTTGAAGGTGCTAACAGGACACACGGGCTCTGTCCTCTGCCTCCAGTATGAAGAGCCAGTCATTGTAACTGGTTCTTCAGATTCAACAGTGAAAGTCTGGGATGTGAACACAGGTACAGTTCTGAATACACTCATCCATCACAAGGAGGCTGTACTGCACTTACGCTTCAGCAATGGACTGATGGTGACTTGTTCCAAGGACTGTTCTATTGCTGTGTGGAACATGGCTTCTGCCACTGATATCACTTTACATAGTGTCCTCATTGGCCACCTTGCTGCTGTCAATGTAGTAGACTTTGACAATAAATACATCGTGTCTGCCTCTGGAGACAGGACCATTAAAGTGTGGAGCACCAGCACTTGTGAGTTCATTCGCACTCTGAATGGGCATAAGCAGGCCCTCACCTGTCTACAGTACCGGGACCGGCTGGTTATTAGTGGATCATCAGATAACACCATCCGGCTATGGGATATTGAATGTGGTACCTGTCTAAGAGTCCTAGAGGGGCATGAAGAATTGGTCCGATGCATTCATTTTGATAACAAGAGGATTGTCAGTGGCGCCTATGATGGGAAGATTAAAGTCTGGGACTTGCAAGCTGCTCTTGACCCTCAGGCCGCTGCAAACACATTGTGTCTGTTCACCTTGGTGAAACACTCTAGATGCATGTTTTGTCTGCAGTTTGATAAGTTTCAGATTATCAGCGGTTCCCATGATGACACTATTTGCATTTGGGATTTCTTAAATGTGCCTCCCAGTGCCCAGAATGAGACACTCTCTCCCTCCAGAACCTACACCTGTATCTCCAGATAG,0.039730429
MLAAMLTITAHCRDIVTDLLAKNICSAEDFEWTRYKGRVELPGNLKSLFRPVAMMVPHYKVIIEVFLFSFGFKSSRSLSAKLVNLYDLADKQLSKQNYSDSDIEYVFQDHYDFGMKILKTVLIMAEKKKRECKRRTRFLDQRQRAIGYNDFDWQWIVLDGPVDTLWIENLNTVLDENRTLCLANSERITLTSKIRVIFEVDSLANATPSVITRCAVVYMASFQSPVLLLTFTFPHSYYRDENAWYLEKNPEKLTVMIQKIFVFAFTWAFGGVLKREDQHEEDVIFRSKFEPDSLAEVTYNFDRLVRELFEDDSEKGTSLLADFLGSSDNVMKMKECGECVNYTATRDTICFSFVMSLLLKNSYPVLLTGDSGVGKTVVISEMLEKLEGRGTFDIKFESILGKVLLHNEIKRSCIRKNINLLLAETYKAALGGFDMQKIENKTDDTTVKNDKEIIVSTINFTTNMTVTRTKEMILRKLVRRTKDILGAPKNNRLLLGLMQADKSVVHSKDMAAQLLVHEASRVFHDRFIEPSEKSLFYQLLSKELQCHLQESFMEDLNYIVNGGKAASMFENEELDSIVMRIRNFVEHSDLMDDKKYLLTLFQKRVSKNLHVFLIMSPVGSNLRHKCRMYPSMITSCTINWFHKWPDEALLIVANSYLGERVKVENKEDKIKQFASTCVEIHKSMKELSTKYFEDTGRHYYVTPNSYLKFLETFTHILSMRQEEMTIKRNRFHMGLSKILEATVLVTDMQEELLIIGPQIEQKTKEKEALMEKLRKDSQIVEKVQVLVKQDEEIVAEEVRIVEEYAQKTTSELKSVLPALEKARVALNALDKSDVSELRVYARPPFLVLTVMNAVCILLQRKPNWATAKLLLSETGFLKKLINLDKDSIPDKVVGPKQEQVAEAQNVLRMAKQRLLEKQKGLQLIRRWHNQGLPLGQHATENAILMKSTQQWPLVIDPHKQALYWIRQMEGPQLQEISAEDSSYLQTLKTAMQAGERVLLHNTPEAFPPSLKAILKKDIFQKRGQHYIKIGGTEIEYNKRFRLYLFTELDNPHFLPSVYNFVTVINFTVTFQSLQDQLLSTVIKQEFPHLENQRAQLLESISLDSVTLEELEDKTLTLLQKTKGNVLDDEEIVETLRKSKMTSNEISKRIKETEKAEGEIEAIRKSYLPIATRGALLYFLMASLTQVDYMYQFSLQWFRQVFVFSTVSKTKHDQKMDKTSKEKHDDDDETSSSISDEQNPESRRTPLSKNSKDVIDTLTRNIFKAASSALFNEHKLCFSFRLCTTIMRNSVSDTRVADDDIEFLPEEEWNIFLYSGLLTNIRNILTKTRLNSIFEIRRKEHLQWVTDLRWEQCQYLSNQMEPFSLLCRSLLSNEQQWNTFRDTKAVYFLMSTPFASEEALPLQSPRSSQDGIDLNNILLRFAQELKEASPKVTMISLGRGQAAKAEELIFNAMNQKNQWVFLQNCHLAASFMPRLCAIIESFSNPDMEMDPDFRLWLSSKSYSSFPIPILQKGVKIAVEPPQGLKSNLLQTFGYGGSGEVTEEIFDKNDCGPWWKKILFSLCFFNAVINERKIYGTLGWNVPYQFSSSDLAVSIKVLGSVLLGRSEVPWKELNYLIGEVTYGGRVTNKWDKQCLKTLFNKFCNPEMLKAGFSFSRIHPEATHIYNETKTEKFIENLITLQRKDVPVNLMMNPEQSNDDLVMEILSDIKVQLPLAVETEDVSGPDSQCTFKYMMLSAMWEKLQKSVEGHDPLIHCVLITYLNQEIQRFDKLLSIIHKSLKDLELAIKGKSILTQDLEEIYDSFLRARVPKLWQKNAYKSCKPLSFWVSDLLQRVNFFNTWAKVAYTALHQRYMTFVSMKQSTTLLANQKSKYPTNSESELTRSFPSRYWLPAFFNPQAFLTAVLQDYGRAQGVSMDAVLFTHRVINSSASSKQEDDFSQLLQKRLKIVRRAFQPSDQQQCGTPTTQDTHAIGAAGNFLPKSSGEIQILILSYSIVPRLFNSQTLTK,ATGCTAGCAGCAATGCTGACCATCACTGCTCACTGCAGGGACATTGTGACAGACCTGCTAGCCAAGAACATCTGCAGTGCAGAGGACTTTGAGTGGACGAGGTATAAAGGTCGAGTTGAACTCCCAGGTAACTTAAAATCTCTGTTTCGCCCAGTGGCAATGATGGTGCCCCACTACAAAGTTATCATTGAAGTATTTCTGTTTTCATTTGGCTTCAAATCTTCAAGATCACTGTCTGCAAAGCTAGTTAACCTGTATGACTTAGCTGACAAGCAGCTCTCAAAACAGAACTATAGTGACTCAGATATTGAATATGTATTTCAGGATCATTATGATTTTGGCATGAAGATCTTAAAGACAGTTTTAATAATGGCAGAAAAGAAGAAACGGGAGTGTAAACGAAGAACTAGATTCCTAGATCAGAGACAAAGAGCAATTGGTTACAACGATTTCGATTGGCAGTGGATTGTATTAGACGGCCCAGTTGATACCTTATGGATAGAAAATCTCAACACTGTGCTCGATGAAAACAGAACGCTGTGCCTGGCAAACAGCGAAAGGATCACCCTAACGAGCAAGATCAGGGTGATTTTTGAGGTGGACTCTCTCGCCAACGCCACCCCCTCTGTCATCACCCGCTGTGCAGTGGTGTACATGGCAAGTTTTCAGAGCCCGGTCCTGCTTTTGACATTCACCTTCCCACACAGCTACTACCGGGATGAAAATGCGTGGTATTTGGAGAAAAACCCTGAGAAGTTAACAGTAATGATTCAGAAGATCTTTGTGTTTGCTTTTACGTGGGCATTTGGAGGGGTTTTAAAGCGTGAAGACCAACATGAGGAAGACGTGATATTTCGTTCAAAATTTGAACCTGATTCTCTTGCAGAAGTAACCTATAATTTTGACAGACTTGTTCGTGAATTATTTGAAGATGATTCAGAAAAAGGGACCTCGCTGCTGGCTGACTTCCTGGGATCCAGTGACAATGTGATGAAGATGAAGGAATGTGGGGAGTGTGTGAACTACACTGCCACCAGGGACACCATCTGCTTCTCTTTCGTCATGAGCCTTCTCCTGAAGAACTCCTACCCTGTCCTTCTCACAGGAGACTCTGGTGTCGGGAAGACTGTGGTCATCAGTGAGATGCTTGAAAAGCTAGAGGGTCGAGGAACATTTGATATAAAATTCGAGTCAATTTTAGGAAAAGTCCTGTTACATAATGAAATTAAAAGATCATGCATAAGGAAGAATATCAACCTCTTGCTTGCTGAGACCTACAAAGCAGCTCTCGGAGGTTTTGATATGCAGAAAATAGAGAATAAAACTGATGACACCACAGTTAAAAATGATAAAGAAATTATAGTTTCTACCATAAATTTTACCACCAATATGACAGTGACCAGAACCAAGGAGATGATTCTGCGAAAGTTAGTCAGAAGAACCAAAGACATACTTGGAGCCCCGAAAAACAACAGGCTGCTGCTGGGGTTGATGCAGGCGGACAAGAGTGTCGTCCACTCTAAGGATATGGCGGCTCAGCTCTTAGTTCATGAAGCCAGCCGAGTATTTCATGATCGGTTCATTGAACCCAGTGAGAAGAGCCTTTTCTACCAGCTTCTCTCAAAGGAACTCCAGTGCCATCTGCAGGAGTCATTTATGGAAGACTTGAACTACATTGTCAATGGAGGAAAGGCTGCTAGCATGTTTGAAAATGAGGAGCTGGATTCCATTGTTATGAGGATTAGAAATTTTGTGGAGCATTCTGATTTAATGGATGACAAGAAATACTTACTTACATTATTCCAAAAGAGGGTATCTAAGAATCTGCATGTTTTTCTGATCATGAGTCCTGTAGGATCTAATCTCCGCCATAAATGTAGAATGTACCCTTCGATGATTACCTCCTGCACCATCAACTGGTTCCACAAGTGGCCCGATGAAGCTCTCCTTATTGTGGCCAATTCCTACCTGGGAGAAAGGGTGAAAGTAGAAAACAAGGAGGATAAAATAAAACAGTTTGCCTCAACATGTGTCGAAATCCACAAAAGTATGAAAGAGTTGAGCACCAAGTACTTTGAAGACACTGGAAGGCACTATTACGTCACCCCCAATAGCTACTTGAAGTTTCTGGAGACGTTCACACACATTCTGAGCATGAGACAAGAGGAGATGACGATAAAAAGGAATCGCTTCCACATGGGGCTATCCAAGATTCTGGAAGCAACCGTATTAGTCACAGACATGCAGGAAGAACTTTTGATTATTGGCCCTCAGATAGAACAAAAAACAAAGGAAAAAGAAGCCCTGATGGAAAAGCTGCGGAAAGATTCGCAAATAGTTGAAAAAGTGCAGGTGCTTGTGAAACAGGACGAGGAAATTGTGGCCGAGGAAGTTAGGATTGTGGAAGAATATGCTCAGAAAACTACCAGTGAGCTAAAAAGCGTGCTGCCTGCTTTAGAGAAGGCAAGAGTGGCCCTAAATGCCCTGGATAAAAGTGATGTTTCTGAATTAAGAGTGTACGCACGCCCCCCCTTCCTCGTCCTGACAGTCATGAACGCCGTGTGTATCCTCCTACAGAGGAAGCCTAACTGGGCAACGGCCAAGCTGCTGCTCTCTGAGACTGGCTTCCTAAAGAAACTGATAAACCTTGACAAGGACAGCATCCCTGATAAGGTGGTGGGTCCCAAGCAGGAACAAGTGGCTGAAGCTCAGAATGTCCTACGAATGGCAAAGCAAAGGCTGCTGGAAAAGCAAAAAGGTTTACAACTGATCCGCCGGTGGCATAATCAAGGGTTGCCTCTCGGTCAGCACGCAACAGAAAATGCCATCTTGATGAAAAGTACCCAGCAGTGGCCCCTGGTGATTGACCCGCACAAGCAAGCACTCTACTGGATCCGTCAGATGGAAGGGCCTCAGCTGCAAGAGATTTCTGCTGAAGATAGTAGTTACCTCCAAACACTTAAAACGGCCATGCAAGCAGGAGAGCGTGTCCTCTTGCATAATACCCCTGAAGCATTTCCTCCCAGCTTAAAGGCAATTCTGAAGAAGGACATTTTCCAGAAAAGAGGGCAGCATTACATCAAAATTGGTGGCACTGAGATAGAGTACAACAAAAGGTTCAGGTTGTACTTATTCACAGAACTAGACAACCCCCATTTCCTTCCATCCGTTTATAACTTTGTTACTGTTATCAACTTCACGGTAACATTCCAAAGCTTGCAAGATCAGCTTTTATCTACAGTAATAAAACAGGAATTTCCTCATTTAGAAAATCAACGCGCTCAGTTACTAGAGAGTATTTCTCTTGACTCTGTAACTCTGGAGGAACTGGAGGACAAAACATTGACCTTACTCCAGAAAACAAAAGGAAATGTATTAGATGATGAAGAAATTGTAGAAACCCTAAGAAAATCCAAAATGACTTCAAATGAAATTTCCAAACGTATCAAAGAAACAGAAAAGGCAGAAGGTGAAATTGAAGCAATCCGCAAGAGCTACCTCCCCATAGCCACACGGGGCGCTCTGCTCTACTTCCTGATGGCCAGTCTCACGCAGGTAGACTATATGTACCAGTTCTCCCTGCAGTGGTTCCGGCAGGTTTTTGTTTTCTCAACAGTTTCCAAAACCAAGCATGATCAGAAAATGGACAAAACATCCAAGGAAAAACATGATGATGATGATGAGACTTCTTCAAGTATCTCAGATGAACAGAATCCAGAAAGTAGGAGAACTCCCTTATCCAAGAATAGTAAAGACGTAATAGATACATTGACAAGAAACATATTTAAGGCGGCCTCTTCAGCTCTATTCAATGAGCATAAACTCTGCTTCTCCTTCCGGCTTTGCACTACAATCATGAGAAATAGTGTCAGTGACACTCGGGTGGCCGATGATGACATAGAATTCCTTCCAGAAGAAGAATGGAACATCTTTTTATACTCTGGCCTTTTGACAAATATTAGAAATATACTAACCAAGACTAGATTGAATAGTATATTTGAAATACGTAGGAAGGAGCATCTTCAATGGGTGACAGACCTGAGATGGGAGCAATGCCAGTACCTCAGCAACCAGATGGAGCCATTCTCCCTTCTCTGCAGATCGCTCTTGTCAAACGAGCAGCAATGGAACACCTTTAGGGACACTAAGGCTGTGTACTTTCTAATGAGCACACCCTTCGCCTCAGAAGAGGCTTTACCTCTGCAAAGTCCCAGATCGTCACAAGACGGGATTGACCTCAACAATATCCTCCTAAGATTCGCACAAGAGTTAAAAGAAGCAAGTCCAAAGGTGACCATGATTTCCCTGGGCCGAGGCCAGGCGGCCAAAGCAGAAGAGCTCATTTTTAACGCTATGAACCAAAAGAATCAGTGGGTCTTCCTCCAGAACTGCCACCTTGCAGCATCCTTCATGCCAAGACTCTGCGCTATCATAGAGTCATTTAGTAATCCAGATATGGAGATGGACCCTGATTTTAGGCTTTGGTTAAGCTCAAAATCATATAGTTCTTTCCCAATTCCTATTCTTCAGAAGGGTGTGAAGATTGCTGTGGAGCCTCCCCAGGGATTGAAAAGCAATTTACTTCAAACGTTTGGATACGGAGGGAGTGGAGAAGTAACAGAAGAGATATTTGATAAGAATGATTGTGGACCGTGGTGGAAAAAGATTCTCTTCAGCCTCTGTTTCTTCAATGCTGTGATCAATGAGAGGAAAATTTACGGAACACTAGGCTGGAATGTCCCTTATCAATTCAGTTCTTCAGACTTGGCGGTTTCTATAAAGGTCCTGGGAAGCGTCCTCCTTGGCCGATCGGAAGTTCCATGGAAGGAACTGAACTACCTGATTGGGGAAGTGACCTATGGTGGCCGAGTGACCAATAAATGGGACAAGCAATGCCTGAAGACCCTTTTCAACAAATTCTGCAATCCTGAAATGCTGAAGGCTGGCTTCAGTTTCTCTAGGATACACCCCGAGGCCACACACATCTACAATGAGACCAAGACAGAGAAGTTCATTGAAAATCTCATCACCTTGCAACGAAAAGATGTTCCAGTCAACCTCATGATGAATCCCGAGCAGAGCAATGACGACCTAGTGATGGAGATCCTGTCTGACATAAAGGTTCAGCTGCCCCTGGCCGTGGAGACCGAGGACGTTTCTGGGCCTGACAGTCAGTGCACATTCAAATACATGATGTTAAGTGCCATGTGGGAGAAGCTTCAGAAAAGCGTTGAAGGCCATGATCCCCTTATCCACTGTGTCTTGATAACATATCTGAACCAAGAAATACAACGTTTCGATAAGTTATTATCCATCATACATAAATCTTTAAAGGATCTTGAACTTGCTATAAAGGGAAAGAGTATCCTCACGCAAGACCTGGAGGAGATATACGACTCTTTCCTGCGAGCCAGAGTACCCAAGCTGTGGCAGAAGAACGCCTACAAGTCCTGCAAGCCCCTGAGCTTCTGGGTGAGCGACCTTCTCCAGCGGGTGAACTTCTTCAACACCTGGGCCAAAGTGGCCTACACTGCCTTACACCAACGGTACATGACATTTGTCTCAATGAAACAGTCTACTACATTACTGGCCAACCAGAAATCCAAATATCCCACCAACTCTGAGAGTGAGCTCACCAGAAGCTTTCCCTCGAGATACTGGCTACCTGCTTTCTTCAATCCACAAGCCTTTCTTACTGCTGTTCTTCAAGACTATGGAAGGGCCCAGGGAGTCTCCATGGACGCTGTGCTTTTCACTCACAGAGTGATTAACAGCAGCGCCAGCAGCAAGCAAGAGGATGACTTCTCACAGCTTCTCCAGAAGAGGCTCAAAATAGTCAGGAGAGCCTTCCAGCCCTCAGACCAGCAGCAGTGTGGCACACCCACTACCCAGGACACACATGCTATTGGAGCTGCTGGCAATTTTCTTCCTAAGAGTTCAGGAGAAATCCAAATTCTTATTCTGAGCTACAGCATTGTTCCCAGACTCTTCAATTCCCAAACCCTTACGAAGTAA,0.36872231
MPSRKFAEGEVVRGRWPGSSLYYEVEILSYDNKSQLYTVKYKDGTELELKESDVKPLKSFKQRKGGSTSSSPSRRRSSRSRSRSRSPGRAPKGSRRSASASHQADIKEKETRREILQVKLTPLVLKPFGNSINVYNGEPEHTEKNDISRKNKQEKVILSPEGSFIATQYSLRPRREEVTVKEIESKEQKRLPKVPAPLETFQVTTPQRKSLEFGGVPGASLIMLGLPACLFLLLLQCRQKDPSLLSFPPPLPALGELWEARVCGIYLLWFFIQALFYLLPIGKVVEGTPLVDGRRLKYRLNGFNAFVLTSAIVGTSLFWGIELCYVYTHFLQFALAATVFSVVLSVYLYARSLKAPRDELSPASSGNAVYDFFIGRELNPRIGVFDLKYFCELRPGLIGWVVVNLVMLLAEMKVQERGTPSLAMVLVNSFQLLYVVDALWNEEALLTTMDIIHDGFGFMLAFGDLVWVPFTYSLQAFYLVSHPHDLSWPLASVIIALKLCGYVIFRCANSQKNAFRKNPTDPKLAHLKTIHTSTGKSLLVSGWWGFVRHPNYLGDLIMALAWSLPCGFNHLLPYFYVIYFTALLVHREARDEHQCKRKYGLAWEKYCQRVPYRILPYVY,ATGCCAAGTAGGAAGTTTGCTGAAGGTGAAGTGGTCAGAGGTCGGTGGCCTGGGAGCTCCCTTTATTATGAAGTAGAAATTCTCAGCTATGACAACAAGTCCCAGCTGTACACTGTAAAATACAAAGATGGAACTGAACTGGAGCTGAAGGAGAGCGATGTCAAGCCTTTAAAATCCTTTAAGCAAAGGAAAGGTGGCTCAACTTCCAGCTCTCCTTCAAGACGCCGCAGCAGTCGCTCAAGGTCACGCTCCCGATCCCCTGGCAGAGCACCAAAAGGTTCCAGAAGATCTGCCTCTGCTTCCCACCAGGCTGACATTAAGGAAAAGGAAACACGGAGGGAAATTTTGCAAGTTAAATTGACTCCGCTTGTATTGAAGCCATTTGGAAACAGCATCAATGTATACAACGGGGAGCCTGAACACACAGAGAAGAATGACATATCTCGTAAAAACAAGCAGGAAAAAGTCATTTTGTCACCAGAAGGCAGTTTCATAGCTACACAGTACAGCCTTCGTCCAAGAAGAGAAGAGGTCACGGTTAAAGAAATAGAGTCCAAGGAACAAAAGCGTCTTCCCAAAGTACCTGCACCTTTGGAAACCTTTCAAGTGACCACTCCGCAGAGGAAGAGCTTGGAGTTTGGAGGAGTACCTGGTGCATCGCTCATCATGCTCGGCCTGCCTGCCTGCCTCTTCCTGCTGCTGTTGCAGTGCAGGCAGAAGGACCCCAGCCTGCTGAGTTTCCCTCCTCCTCTGCCAGCTTTGGGTGAACTGTGGGAAGCCAGAGTGTGTGGCATCTACCTCCTCTGGTTTTTCATTCAAGCTCTCTTTTACCTTCTGCCAATTGGGAAGGTTGTAGAAGGAACACCTCTTGTTGATGGAAGAAGACTCAAGTACAGACTAAATGGATTCAACGCTTTTGTCCTGACATCTGCCATCGTGGGAACATCTCTCTTCTGGGGCATAGAGCTGTGTTATGTGTATACTCACTTCCTTCAGTTCGCACTTGCAGCCACTGTGTTTTCAGTGGTCTTGAGTGTTTATCTCTATGCTCGATCTTTGAAGGCCCCTAGGGATGAGCTGTCACCTGCCAGTTCTGGAAATGCTGTCTACGATTTCTTCATTGGCCGTGAGTTAAACCCTCGAATTGGTGTTTTTGACCTCAAATACTTTTGTGAATTGCGTCCTGGATTGATTGGATGGGTGGTTGTTAACTTGGTGATGCTTTTGGCTGAAATGAAAGTACAGGAACGTGGTACCCCATCTTTGGCAATGGTCTTGGTTAACAGTTTCCAGCTCTTGTATGTGGTGGATGCCCTCTGGAATGAGGAAGCGCTGCTGACCACCATGGACATCATCCACGATGGCTTTGGCTTCATGCTGGCCTTTGGGGACTTGGTGTGGGTCCCATTCACCTACAGCCTTCAGGCCTTCTACCTGGTCAGCCATCCCCATGACTTGTCCTGGCCCTTGGCTTCTGTCATCATTGCTCTGAAACTTTGTGGCTATGTAATCTTTCGTTGTGCAAACTCACAGAAAAATGCATTCCGGAAGAATCCCACTGATCCAAAGCTTGCACATTTAAAGACCATTCATACGTCCACGGGTAAGAGTCTGCTTGTCTCTGGATGGTGGGGCTTTGTTCGCCATCCCAATTACTTGGGTGACCTCATCATGGCGCTGGCATGGTCCCTCCCATGTGGCTTTAACCACCTCCTGCCTTACTTCTATGTCATCTACTTCACTGCGTTGCTTGTCCACCGCGAAGCCCGTGATGAGCACCAGTGCAAGAGGAAATACGGCCTGGCCTGGGAGAAGTACTGCCAACGAGTGCCCTACCGCATACTCCCCTATGTTTACTGA,0.062702809
MVYDDANKKWVPAGGSTGFSRVHIYHHTGNNTFRVVGRKIQDHQVVINCAIPKGLKYNQATQTFHQWRDARQVYGLNFGSKEDANVFASAMMHALEVLNSQEAAQSKVTATQDSTNLRCIFCGPTLPRQNSQLPAQVQNGPSQEELEIQRRQLQEQQRQKELERERMERERMERERLERERLERERLERERLEQEQLERERLEREHMERLERERERERLERERLEQLEREQAEWERERRLSNAAAPASVETPLNPELGDSSASEPGLQAASQPAETPTPQGKASLPLQTPSHFRAVYSNRGSGLMEEMSALLARRPKSTPSSQPSANGVQTEGLDYDRLKQVGTRCSFLSLSCLKGAGALHTHILHGSWGAIRDHTVTDILDKLKWLHLSL,ATGGTTTACGATGATGCCAATAAGAAGTGGGTGCCAGCTGGTGGCTCAACTGGGTTCAGCAGAGTGCATATATATCACCACACAGGCAACAACACCTTCAGAGTGGTGGGCAGGAAGATCCAAGACCATCAGGTCGTGATAAATTGTGCCATTCCTAAAGGGCTGAAGTACAATCAAGCTACACAGACTTTCCACCAATGGCGGGATGCTAGACAGGTGTATGGTCTCAACTTTGGCAGCAAAGAGGATGCCAATGTCTTCGCAAGTGCCATGATGCATGCCTTAGAAGTGTTAAATTCACAGGAAGCAGCCCAGAGCAAGGTTACTGCTACCCAGGACAGCACTAATTTGCGATGTATTTTCTGTGGGCCAACATTGCCTAGACAAAATTCACAGCTACCTGCTCAAGTTCAAAATGGCCCGTCCCAAGAAGAGTTGGAAATCCAGAGAAGGCAGCTGCAAGAACAGCAGCGACAGAAGGAGCTGGAGAGGGAAAGAATGGAGAGAGAAAGAATGGAGAGGGAGAGGTTGGAGAGAGAACGACTAGAGAGAGAGAGGCTAGAGAGAGAGCGCCTGGAACAAGAGCAGCTGGAGCGCGAGCGCCTGGAGCGGGAGCACATGGAGCGGCTGGAGCGCGAGCGCGAGCGGGAGCGGCTGGAGCGGGAGCGCCTGGAGCAGCTGGAGCGGGAGCAAGCCGAGTGGGAGCGCGAGCGCAGACTGTCCAATGCTGCTGCCCCTGCCTCTGTGGAGACCCCTCTAAATCCTGAGCTGGGAGACTCCTCTGCTTCCGAGCCAGGCTTGCAGGCAGCCTCTCAGCCGGCCGAGACGCCAACCCCGCAGGGTAAGGCTTCACTCCCACTGCAGACTCCTAGTCACTTCAGAGCAGTGTATAGCAACAGGGGCAGTGGCTTAATGGAAGAAATGAGTGCTCTGCTGGCCAGGAGACCCAAATCTACACCTTCATCACAGCCCAGTGCCAATGGAGTCCAGACAGAAGGACTTGACTATGACAGACTGAAGCAGGTGGGTACTCGGTGTAGCTTCCTTAGTCTTTCTTGTTTAAAGGGGGCAGGGGCCTTGCACACACATATTCTACATGGATCCTGGGGTGCTATAAGAGATCACACAGTTACAGATATTTTAGACAAATTAAAGTGGCTGCATTTGTCCCTGTGA,0.548169511
MTLGIHEISHNFPFGHHKALWNRWFGIFANLPLGVPYSVSFKRYHMDHHRYLGADGIDVDIPTDFEGWFFCTTFRKLVWVVLQPLFYAFRPLLINPKPITSLEIINTVIQIIFDIIVYYVFGVKSLVYMLAASLLGLGLHPIAGHFISEHYMFLKGHETYSYYGPLNLLTFNVGYHNEHHDFPNIPGKNLPLVRKIAAEYYDKLPQYNSWIKVLYDFVMDDTIAFGILANTILLLFLVMTLFQEHRHKPANMITGLLALSHIVMLLTMAFMATDILGSQSFWEDFTCRSVISLYRLMRSVSICATCHLSILQAVILSPRSSCLSKFKHKSLHHNSCCFLSLWSFYMSISGYMSFIVATPNVTSHILILITKSCSLWLFSGLIRHLLCVLAVVRDAVLVGLMALSSVYVVAVLCRHKRQSQYLHSASISPRASPEQRAICIILVLLSFFVVMYCLDCIAFSLRSMWNNDPTHHCVQMFVSSGYATLSPLVFISTEQHIINFLKTMQGGQ,ATGACTCTGGGGATCCATGAGATTTCCCACAATTTCCCCTTCGGCCACCACAAAGCTCTATGGAATCGCTGGTTTGGAATATTTGCTAACCTCCCTTTGGGAGTTCCATATTCTGTTTCTTTTAAGAGATACCACATGGATCATCATCGGTACCTGGGAGCTGATGGCATCGACGTAGATATTCCTACTGATTTTGAGGGCTGGTTCTTCTGCACCACTTTCAGGAAGCTTGTCTGGGTTGTCCTTCAGCCTCTCTTTTATGCTTTTAGACCCCTACTCATCAATCCCAAACCAATTACTTCTCTGGAAATCATCAATACTGTGATACAGATCATCTTTGACATTATAGTTTACTATGTTTTTGGAGTTAAATCTCTAGTCTACATGTTGGCAGCCTCCTTGCTTGGCCTGGGTTTGCACCCAATTGCTGGGCATTTTATATCCGAACATTACATGTTCTTAAAGGGACATGAAACATACTCATATTATGGGCCTCTGAATTTACTGACCTTCAATGTGGGCTACCATAATGAACACCATGACTTCCCTAACATTCCTGGAAAAAACCTGCCCCTGGTGAGGAAAATAGCAGCTGAATATTATGATAAACTCCCCCAATACAACTCCTGGATCAAAGTACTGTATGATTTTGTGATGGATGACACAATTGCCTTTGGGATCTTGGCCAATACCATCCTCCTGCTCTTCCTCGTGATGACACTCTTCCAGGAGCACAGGCACAAGCCGGCCAACATGATAACTGGCCTCTTGGCTCTAAGCCACATAGTGATGCTGTTGACCATGGCCTTCATGGCTACAGACATTTTGGGGTCCCAGAGTTTTTGGGAAGACTTCACATGTAGATCAGTTATTTCCCTGTACAGGCTGATGAGGAGCGTCTCCATCTGTGCTACGTGTCACCTGAGCATCCTCCAGGCCGTCATCCTCAGCCCCAGAAGTTCCTGTTTGTCCAAGTTCAAACACAAATCCTTACATCACAACTCCTGCTGCTTTCTTTCCCTGTGGAGCTTCTATATGTCCATTAGCGGTTACATGAGCTTCATTGTTGCCACCCCCAATGTGACTTCACACATTCTTATATTGATCACTAAATCCTGCTCTCTCTGGCTTTTTAGCGGCCTCATCAGACACTTACTTTGTGTACTGGCTGTCGTCCGAGATGCCGTTCTTGTAGGGCTCATGGCGCTTTCAAGTGTGTACGTGGTGGCTGTCTTGTGCAGGCATAAGAGGCAGTCACAGTACCTTCACAGTGCCAGCATTTCCCCCAGAGCATCTCCAGAGCAGAGGGCCATCTGTATCATCCTGGTGCTATTGAGTTTCTTTGTGGTCATGTACTGTTTGGACTGCATTGCCTTCTCCTTGAGAAGTATGTGGAATAATGACCCAACTCACCACTGTGTCCAGATGTTTGTGTCCAGTGGCTATGCCACACTCAGTCCTTTGGTGTTCATTAGCACTGAACAACATATAATTAACTTTTTAAAAACCATGCAGGGTGGACAATAA,0.898281724