gene,sequence
gene_41,GATATCCAGATGACGCAGAGCCCTTCTTCCCTGTCCGCATCAGTGGGTGATAGAGTCACAATCACTTGCCGGGCATCCCAGGGGATCTCATCTTGGCTCGCTTGGTACCAACAGAAGCCTGAAAAGGCTCCCAAGTCCTTGATTTACGCAGCCAGCAGTCTCCAGTCCGGCGTGCCCTCGAGGTTCTCTGGGTCCGGCTCCGGAACCGACTTTACTCTGACCATCAGCTCACTGCAGCCCGAAGACTTTGCCACCTACTACTGCCAGCAGTATAACATTTATCCGTACACGTTCGGCCAGGGAACCAAGCTCGAGATTAAAAGGACTGTGGCCGCCCCCTCTGTGTTCATTTTCCCGCCATCTGACGAGCAGTTGAAGAGCGGTACCGCCTCAGTCGTCTGTCTGCTGAACAATTTTTATCCCCGAGAAGCTAAGGTTCAATGGAAGGTTGATAATGCCCTCCAGTCTGGAAACAGTCAGGAGTCTGTCACGGAGCAGGACTCCAAGGACAGTACCTACAGCTTGTCGTCCACCCTCACCCTTTCTAAGGCGGACTACGAAAAACATAAGGTGTACGCATGTGAGGTTACTCATCAGGGTCTCTCTTCACCTGTCACAAAGAGTTTTAACCGCGGGGAATGC
gene_39,GAAATTGTGCTTACACAGAGTCCAGGCACTCTCAGTCTAAGTCCTGGCGAACGGGCCACTCTGAGTTGTAGAGCCAGCCAGTCAGTGCGAGGAAGATACTTAGCCTGGTATCAGCAGAAGCCAGGGCAGGCCCCCCGACTGCTCATCTACGGCGCCTCCTCCAGGGCAACCGGAATTCCTGATCGGTTTAGTGGGAGCGGCTCCGGAACTGACTTCACCTTAACTATCTCACGGTTGGAGCCCGAGGACTTTGCTGTCTTTTACTGTCAGCAGTATGGCAGCAGTCCCCGCACGTTTGGACAAGGTACAAAGGTGGAAATCAAGCGGACCGTGGCCGCACCATCAGTGTTCATTTTCCCCCCCTCAGATGAGCAGCTGAAATCCGGAACCGCGAGCGTTGTTTGTCTCCTCAACAATTTTTACCCCCGTGAGGCTAAAGTACAGTGGAAGGTGGATAACGCTCTGCAGTCAGGAAATTCGCAGGAGAGTGTGACCGAGCAGGACTCAAAAGATTCCACATATTCACTGAGCTCAACACTCACGCTGAGTAAGGCAGACTACGAGAAGCACAAGGTTTACGCTTGTGAGGTGACACACCAGGGACTGTCATCACCAGTGACAAAGTCATTCAACCGGGGCGAGTGC
gene_58,AGTGACACAGGAAGACCATTCGTGGAGATGTATAGCGAGATCCCAGAGATTATTCACATGACTGAGGGGCGGGAGTTGGTGATACCTTGCAGAGTTACATCCCCTAACATCACTGTCACCCTGAAGAAGTTCCCACTGGACACTTTGATCCCAGACGGAAAGAGAATCATCTGGGACTCCAGAAAAGGATTTATTATTAGCAATGCCACCTACAAGGAGATTGGGTTGTTGACTTGTGAAGCCACTGTCAACGGGCACCTATACAAAACTAACTATTTAACTCACAGGCAGACCAACACGATTATCGATGTGGTGCTGAGTCCCTCCCATGGCATTGAGCTCAGTGTGGGCGAAAAACTGGTCTTAAATTGCACAGCAAGGACCGAACTTAACGTCGGGATTGATTTCAATTGGGAGTACCCCTCATCCAAGCACCAGCACAAGAAGTTGGTGAATCGGGACCTGAAAACTCAATCCGGATCCGAAATGAAGAAGTTCTTATCCACTCTGACAATCGACGGCGTCACGCGCTCCGATCAGGGACTCTATACCTGTGCCGCATCCTCCGGTCTCATGACTAAAAAGAACAGTACATTTGTTCGCGTCCACGAGAAGGACAAAACCCATACGTGCCCTCCTTGCCCCGCCCCCGAACTGCTGGGTGGGCCTTCTGTCTTTCTGTTCCCTCCCAAACCGAAAGATACGCTGATGATCAGCCGCACTCCTGAAGTCACATGTGTGGTCGTCGATGTATCTCACGAGGACCCCGAGGTGAAGTTTAACTGGTATGTGGATGGTGTGGAAGTACATAATGCAAAGACAAAGCCAAGAGAGGAGCAGTATAACAGTACTTATAGAGTCGTGTCCGTACTGACCGTGTTGCATCAGGACTGGTTGAACGGAAAAGAGTATAAGTGTAAGGTGTCGAACAAAGCTCTGCCCGCCCCTATAGAGAAAACTATTTCTAAGGCCAAGGGCCAGCCGCGTGAGCCGCAGGTCTATACACTGCCTCCGTCCCGGGATGAGTTGACAAAGAATCAAGTGTCTCTCACCTGCCTCGTAAAAGGGTTCTACCCTTCCGACATCGCAGTGGAATGGGAGTCCAACGGGCAGCCGGAAAACAACTATAAAACCACCCCCCCGGTCTTGGACTCTGATGGCAGTTTTTTCCTGTATAGCAAGCTCACTGTCGATAAGTCCAGATGGCAGCAAGGTAATGTGTTCTCTTGCAGCGTTATGCATGAGGCACTGCACAACCACTACACCCAGAAAAGCTTGAGCTTATCCCCGGGT
gene_20,GACATACAGATGACACAGAGCCCAAGCTCCCTTTCCGCTTCCGTCGGCGACCGTGTCACAATTACATGTAGGGCCTCCCAAGACGTCTCCACCGCAGTTGCATGGTATCAACAAAAGCCTGGCAAGGCACCCAAGCTCCTTATCTACAGCGCAAGCTTTCTATATAGTGGAGTGCCGAGCAGGTTTTCAGGCTCTGGGTCCGGGACCGACTTCACCCTCACCATTTCGTCCCTACAGCCTGAAGACTTCGCTACCTATTACTGTCAGCAGTACCTGTACCATCCAGCTACATTTGGTCAAGGCACCAAAGTAGAAATTAAGAGGACCGTGGCCGCCCCCTCCGTGTTCATTTTTCCACCCAGTGATGAACAGTTGAAAAGCGGAACCGCCTCTGTTGTGTGCCTGTTAAACAACTTCTATCCCAGAGAAGCTAAGGTGCAATGGAAGGTGGACAACGCACTCCAGAGCGGCAATTCACAGGAGAGCGTTACCGAGCAGGATTCCAAAGATTCCACATACAGCCTTTCGTCCACTTTGACTCTGTCTAAGGCCGATTACGAGAAACATAAGGTGTACGCATGCGAGGTTACACATCAGGGTCTGAGCTCCCCCGTTACTAAAAGCTTCAACCGTGGTGAGTGT
gene_22,GAAATTGTGCTAACACAGTCACCCGCCACACTGTCCTTGAGCCCGGGTGAGAGAGCCACGCTTAGCTGCAGAGCTAGTCAGTCCGTGAGCTCATACCTGGCGTGGTATCAGCAGAAGCCTGGACAGGCACCCAGATTACTGATCTATGACGCCTCAAACCGGGCCACTGGAATCCCCGCCAGATTTTCAGGATCCGGGTCAGGTACAGACTTCACACTCACCATCAGCAGCCTCGAGCCGGAAGACTTTGCGGTGTATTACTGCCAGCAGAGGTCTAATTGGCCCATCACATTTGGCCAGGGAACCCGACTGGAGATAAAAAGAACCGTGGCAGCCCCGTCTGTGTTTATATTCCCCCCATCAGATGAACAGCTTAAATCAGGTACAGCAAGCGTGGTGTGCCTCCTCAATAACTTCTACCCTAGAGAGGCTAAGGTGCAGTGGAAAGTAGATAACGCCTTACAAAGTGGGAATTCACAAGAGTCCGTGACCGAGCAGGATTCAAAAGATTCCACCTACAGTCTTTCTTCGACTCTGACCCTGAGTAAGGCCGACTATGAAAAACACAAGGTTTATGCTTGCGAAGTCACTCATCAAGGCCTGTCAAGCCCTGTGACCAAGTCATTCAACAGG
gene_43,GTGCAGTTAGTGCAGTCAGGGGCTGAAGTGAAAAAACCCGGGGCTTCCGTTAAGGTTAGTTGCAAGGCCTCCGGGCACATTTTTTCCAACTACTGGATTCAGTGGGTGAGGCAGGCACCCGGACAGGGACTTGAGTGGATGGGCGAGATTCTGCCTGGATCCGGCCATACAGAGTACACTGAAAATTTTAAAGATCGCGTTACCATGACAAGGGATACATCTACCTCAACAGTTTACATGGAGCTGTCAAGTCTGCGGAGCGAAGATACTGCAGTCTACTATTGCGCCCGCTATTTTTTTGGGAGTTCACCAAATTGGTATTTCGACGTGTGGGGACAAGGGACCTTGGTGACCGTCAGCTCAGCCAGCACTAAGGGCCCCAGTGTATTCCCTCTGGCCCCATGTTCGAGAAGCACTTCGGAATCCACCGCTGCCCTGGGCTGCTTGGTGAAAGATTACTTCCCTGAGCCTGTGACCGTGTCGTGGAATAGCGGAGCTCTGACATCCGGCGTCCACACTTTTCCCGCGGTTCTGCAGTCCAGCGGACTCTACTCGCTCAGTTCAGTGGTCACCGTCCCATCCTCCAATTTCGGAACACAAACTTATACTTGTAACGTTGATCACAAGCCCAGCAATACTAAGGTCGACAAGACAGTCGAGCGCAAGTGTTGTGTCGAATGTCCACCCTGCCCCGCCCCCCCCGTGGCAGGACCAAGTGTCTTCCTGTTCCCACCCAAACCTAAGGATACACTGATGATAAGTAGGACCCCAGAAGTCACCTGCGTTGTCGTCGACGTCTCACAGGAAGACCCCGAGGTTCAATTTAACTGGTATGTCGACGGTGTCGAGGTGCACAACGCAAAAACCAAACCTCGGGAGGAGCAATTTAATTCTACATATCGAGTAGTGTCAGTCCTCACAGTGCTCCACCAAGACTGGCTGAATGGTAAAGAGTACAAGTGTAAAGTTTCGAACAAAGGTCTTCCCAGTTCCATCGAAAAAACCATTTCAAAAGCCAAGGGCCAGCCTAGAGAACCCCAGGTCTACACGCTGCCCCCAAGCCAAGAGGAAATGACAAAGAATCAGGTAAGTTTGACATGTCTTGTTAAGGGCTTTTATCCCAGCGATATTGCTGTGGAATGGGAGAGCAATGGGCAGCCAGAGAACAATTATAAGACCACCCCTCCCGTGCTTGATAGTGACGGCAGCTTCTTTCTGTACTCGAGGCTGACAGTGGACAAAAGTCGATGGCAAGAAGGTAATGTCTTTTCATGCTCTGTCCTGCATGAGGCCTTGCACTCCCACTACACACAGAAAAGCCTGTCCCTGTCTCTCGGG
gene_9,GACATCCAAATGACCCAGTCTCCATCTTCACTTTCTGCATCTGTAGGAGACAGAGTAACTATCACCTGCAGCGCTTCTTCTTCCGTTAGCTATATGAACTGGTATCAGCAGACGCCTGGTAAAGCCCCAAAGAGGTGGATTTATGACACATCCAAACTGGCATCTGGCGTCCCTAGTCGTTTTAGCGGTAGTGGCAGTGGGACAGATTACACATTCACCATCTCGAGTCTGCAGCCCGAGGATATAGCCACTTATTACTGCCAGCAATGGTCATCTAATCCTTTCACATTTGGTCAGGGGACAAAGCTGCAGATTACGAGGACCGTGGCTGCACCTAGCGTGTTCATTTTTCCTCCTTCGGACGAGCAACTGAAAAGCGGAACCGCTAGCGTCGTGTGTTTATTGAACAACTTTTACCCGAGAGAGGCCAAGGTGCAGTGGAAGGTCGACAACGCTTTGCAGTCCGGTAACTCCCAGGAATCCGTGACAGAACAAGACAGTAAGGACAGTACATATTCGTTGTCCTCAACGCTGACCTTATCAAAAGCCGACTATGAGAAACACAAGGTCTATGCATGTGAGGTGACTCACCAGGGACTCTCTAGCCCCGTCACCAAGAGTTTTAACAGGGGAGAATGC
gene_47,GAGGTTCAGCTGGTCCAATCAGGGGCTGAGGTCAAGAAGCCCGGCTCGTCCGTCAAAGTGTCGTGTAAGGCATCGGGTTACACAATCACGGATAGCAATATACACTGGGTGAGACAGGCTCCTGGTCAGTCGCTGGAGTGGATCGGATACATATATCCCTATAACGGCGGAACGGATTACAATCAAAAATTCAAGAATCGCGCAACTCTGACCGTGGACAATCCAACCAATACAGCCTATATGGAACTAAGCTCTTTGCGTAGCGAGGACACTGCGTTTTACTACTGCGTCAATGGCAACCCATGGCTGGCCTACTGGGGTCAGGGCACATTGGTGACCGTTAGCTCTGCTTCTACCAAAGGCCCCTCTGTGTTTCCACTGGCTCCCTGCTCACGCAGCACATCGGAAAGCACCGCAGCACTGGGCTGTCTCGTCAAAGACTATTTTCCGGAGCCAGTGACAGTCTCATGGAATTCGGGAGCCCTGACAAGCGGGGTTCACACATTCCCAGCGGTGCTCCAGTCGTCTGGGTTGTATTCTCTGAGCAGTGTGGTGACAGTGCCCTCAAGCAGCCTGGGCACCAAGACATATACATGCAACGTTGACCATAAGCCATCCAACACTAAGGTCGACAAAAGAGTGGAATCCAAATATGGCCCGCCCTGTCCTCCATGCCCCGCACCAGAGTTCCTTGGGGGCCCTTCAGTATTTTTATTTCCTCCTAAGCCTAAGGATACCCTTATGATTTCTAGAACCCCAGAGGTGACTTGCGTGGTGGTGGACGTTAGCCAGGAGGATCCCGAGGTGCAGTTCAATTGGTACGTCGACGGAGTCGAAGTTCACAACGCCAAAACCAAGCCTCGGGAAGAGCAGTTTAACAGCACATACCGGGTGGTGTCTGTTTTGACAGTGCTACATCAGGACTGGCTGAATGGCAAAGAATACAAGTGTAAAGTGAGCAATAAGGGTCTGCCATCGTCTATTGAAAAAACAATATCCAAGGCAAAAGGACAACCTCGAGAGCCTCAGGTGTACACCTTGCCTCCATCACAGGAAGAAATGACTAAAAACCAGGTGTCACTCACATGCCTCGTGAAAGGGTTCTATCCTTCTGACATCGCCGTGGAATGGGAGAGTAATGGCCAACCAGAGAACAATTATAAAACTACCCCCCCAGTCCTGGACAGCGATGGTTCGTTTTTCCTTTATAGTCGATTGACTGTCGACAAATCCAGGTGGCAGGAGGGCAATGTGTTCTCATGCTCTGTGATGCACGAGGCACTGCATAACCATTACACTCAAAAGTCACTTAGCCTGAGCTTGGGGAAA
gene_26,CAAGTACAGCTGCAGCAGAGCGGGCCAGAAGTGGTCAAGCCCGGGGCTAGCGTAAAAATGTCCTGCAAAGCTTCGGGTTACACTTTCACCAGTTACGTGATCCATTGGGTTCGCCAAAAGCCCGGGCAAGGGCTGGATTGGATTGGATACATAAACCCCTACAACGACGGCACAGACTACGATGAAAAGTTTAAGGGGAAAGCAACACTCACAAGTGACACCAGTACTTCGACCGCCTATATGGAACTAAGCAGCCTGAGATCAGAGGATACTGCTGTGTACTACTGCGCACGCGAGAAAGACAACTATGCAACAGGAGCCTGGTTCGCCTACTGGGGCCAGGGGACATTAGTGACAGTCTCGTCAGCATCTACAAAAGGGCCATCAGTATTTCCCTTGGCCCCTTGCTCAAGGTCGACCAGTGAATCTACCGCAGCCCTCGGTTGCCTTGTGAAGGACTACTTTCCGGAGCCCGTGACGGTGTCTTGGAACTCCGGGGCCCTAACGTCTGGCGTTCACACCTTCCCTGCTGTCTTGCAGTCAAGCGGCCTGTACAGTCTGAGTTCGGTCGTGACTGTGCCCAGCAGTTCCTTGGGTACAAAAACATATACATGTAATGTGGACCATAAACCATCCAATACAAAGGTTGATAAGAGGGTGGAGTCGAAATACGGA
gene_19,GAGGTTCAATTAGTGGAATCTGGGGGAGGCCTGGTGCAGCCTGGAGGTTCACTGAGGCTCTCCTGTGCAGCAAGTGGCTTTACTTTCTCAGACTCATGGATTCATTGGGTGAGACAGGCACCAGGCAAAGGCTTAGAATGGGTCGCATGGATCTCCCCATACGGCGGCAGCACCTACTACGCGGATAGCGTGAAAGGCCGGTTTACAATAAGTGCAGACACCTCAAAGAATACCGCATATCTTCAGATGAACAGCCTCAGGGCAGAGGATACTGCGGTATACTACTGTGCTAGGCGGCACTGGCCAGGCGGCTTCGACTACTGGGGTCAAGGTACACTGGTGACAGTCTCCAGCGCATCAACTAAGGGCCCCAGTGTGTTCCCACTGGCCCCGTCAAGTAAGTCCACAAGTGGGGGTACAGCCGCGTTGGGCTGCCTGGTCAAAGACTACTTTCCCGAGCCAGTGACTGTCTCATGGAACAGTGGAGCCCTAACCTCAGGCGTGCACACTTTTCCCGCGGTTTTGCAATCCTCTGGTCTCTATAGTCTCTCTAGCGTGGTGACCGTTCCTTCCTCAAGCCTGGGCACACAGACGTACATTTGCAATGTAAACCATAAGCCTTCAAACACAAAGGTGGACAAGAAGGTTGAACCCAAATCATGTGACAAAACCCATACTTGCCCCCCTTGCCCTGCCCCTGAACTGCTGGGCGGACCCAGCGTTTTTTTGTTTCCTCCCAAACCAAAAGATACATTAATGATTTCTCGGACGCCCGAGGTCACTTGCGTGGTGGTCGACGTGTCTCATGAGGACCCCGAAGTGAAGTTTAACTGGTACGTGGACGGCGTCGAGGTGCATAACGCTAAGACGAAGCCCAGAGAAGAGCAGTACGCCAGCACATACCGGGTTGTATCAGTGCTCACAGTATTACACCAAGACTGGCTTAACGGGAAGGAGTATAAATGTAAGGTCTCCAACAAGGCACTGCCCGCCCCGATCGAGAAGACAATATCTAAGGCAAAGGGCCAACCCAGAGAGCCACAAGTGTACACGTTACCTCCGAGTAGAGAGGAAATGACAAAGAACCAGGTGTCCTTAACATGCTTAGTAAAAGGATTTTATCCAAGTGACATCGCGGTGGAGTGGGAATCAAACGGCCAACCAGAAAATAATTACAAGACTACCCCGCCCGTTCTTGACTCAGACGGCAGTTTTTTCCTGTATTCGAAGCTTACCGTAGATAAGTCCAGATGGCAACAGGGCAATGTCTTCTCATGCTCCGTCATGCATGAAGCTCTGCACAATCATTACACTCAGAAGAGCCTGTCCCTGAGCCCAGGAAAG
gene_24,GAGGTTCAACTGGTAGAGTCTGGCGGGGGCTTAGTCCAGCCAGGCGGAAGTCTGCGCCTGTCATGTGCAGCTAGCGGATTTAACATTAAGGATACCTACATCCATTGGGTGCGACAGGCCCCGGGGAAGGGACTAGAGTGGGTGGCTCGGATTTATCCTACTAATGGATACACCAGGTACGCCGACTCTGTCAAGGGACGGTTCACGATTTCCGCTGATACTTCAAAGAACACTGCCTACCTGCAGATGAACTCACTCCGTGCAGAAGATACCGCTGTATATTACTGTTCCAGATGGGGAGGGGATGGGTTTTACGCAATGGACTACTGGGGCCAAGGGACTCTCGTGACCGTGAGCTCTGCAAGCACAAAGGGACCATCTGTGTTCCCACTGGCTCCTAGCAGCAAATCAACCAGCGGCGGGACAGCAGCGCTGGGCTGTCTTGTGAAAGATTACTTTCCAGAACCCGTTACCGTGTCATGGAATTCAGGCGCACTGACGTCTGGCGTGCATACCTTCCCAGCGGTCCTGCAGTCCAGTGGATTGTACAGCCTCTCATCTGTAGTGACTGTGCCAAGTAGTTCCTTGGGTACCCAAACTTACATTTGTAATGTAAACCATAAGCCTTCCAACACCAAAGTGGACAAGAAAGTGGAACCTAAGTCTTGTGATAAAACCCACACCTGTCCCCCATGTCCTGCACCTGAACTTCTGGGCGGCCCGTCAGTTTTCTTGTTTCCTCCAAAGCCTAAGGACACCCTGATGATCTCCAGGACTCCTGAGGTGACCTGTGTAGTCGTGGATGTCTCTCACGAGGATCCAGAGGTAAAATTTAACTGGTACGTCGACGGGGTTGAAGTGCATAACGCCAAGACTAAACCAAGGGAGGAACAGTATAACAGTACATATCGAGTGGTGTCAGTTCTCACCGTGCTTCATCAGGACTGGCTAAACGGAAAGGAGTACAAATGCAAAGTGTCCAACAAGGCACTGCCAGCCCCTATTGAGAAAACGATCAGCAAAGCTAAAGGACAGCCAAGAGAACCTCAGGTCTATACACTGCCCCCATCTCGGGAGGAAATGACCAAAAACCAAGTGTCCCTGACATGCCTGGTGAAAGGGTTTTATCCCAGTGACATAGCCGTGGAATGGGAGTCAAATGGGCAGCCAGAGAACAACTATAAGACAACCCCGCCTGTACTCGACTCAGATGGCTCTTTTTTTCTCTATTCTAAGCTGACCGTGGACAAGAGTAGATGGCAGCAGGGCAACGTGTTCTCTTGTTCCGTCATGCACGAGGCCCTCCACAATCATTATACTCAGAAGAGCCTTTCCCTTTCGCCTGGGAAG
gene_45,GATATTCAGATGACGCAGAGCCCAAGTAGTCTTAGTGCTAGCGTAGGGGATAGGGTGACCATTACCTGTGGAGCATCAGAGAACATTTATGGAGCTCTGAACTGGTATCAGCAGAAACCCGGAAAAGCCCCCAAGCTGCTTATCTATGGTGCAACCAATTTGGCGGACGGCGTGCCATCACGGTTTAGCGGCTCAGGCTCCGGAACTGACTTCACCCTTACTATTAGTAGTCTTCAACCCGAGGATTTCGCCACCTACTACTGCCAAAATGTGCTTAACACACCTTTGACATTCGGTCAGGGTACTAAGGTTGAGATCAAAAGGACCGTGGCGGCCCCTTCTGTGTTCATCTTTCCCCCTAGCGACGAGCAGTTGAAATCCGGCACCGCCTCTGTAGTGTGCCTACTGAATAACTTTTATCCCAGAGAGGCGAAGGTCCAGTGGAAAGTTGATAACGCCCTGCAGAGCGGCAACTCTCAGGAATCTGTGACTGAACAAGACTCAAAGGATTCCACGTACAGCCTCTCTTCTACTCTTACACTATCCAAAGCTGACTATGAGAAGCACAAAGTGTACGCTTGCGAAGTGACGCACCAAGGGCTGAGTAGTCCAGTAACAAAATCTTTTAATAGAGGGGAGTGC
gene_23,GACATACAAATGACACAGAGTCCTAGTTCCCTCTCCGCGTCCGTCGGAGATAGGGTGACTATTACATGTCGGGCTTCCCAGGACGTCAATACGGCCGTGGCGTGGTATCAGCAGAAGCCAGGTAAGGCGCCAAAACTGCTGATCTACAGTGCATCATTCCTGTATTCCGGAGTCCCGTCGCGATTTTCTGGCTCAAGGTCAGGCACTGATTTTACCCTGACAATTTCCAGCCTGCAGCCTGAAGATTTCGCCACTTACTACTGTCAGCAACATTATACGACACCACCTACATTCGGGCAAGGTACTAAGGTGGAAATTAAAAGAACCGTCGCTGCCCCTAGTGTGTTCATCTTCCCCCCAAGTGATGAGCAACTGAAGAGCGGAACAGCATCGGTCGTTTGTCTCCTAAACAACTTCTACCCCCGAGAAGCCAAAGTGCAGTGGAAGGTCGACAACGCCCTTCAGTCAGGCAATTCTCAGGAATCAGTGACCGAGCAGGACTCTAAGGACAGCACTTACTCTTTATCCAGCACCCTGACCCTTAGTAAGGCCGATTACGAAAAGCATAAGGTGTACGCTTGCGAGGTGACCCACCAGGGGCTGAGCTCTCCTGTCACAAAATCTTTCAACCGGGGAGAGTGT
gene_8,CAAGTCCAGCTCGTCCAGTCAGGCGGTGGAGTCGTGCAGCCAGGCCGTTCACTGAGACTTTCTTGTAAAGCTTCTGGCTATACGTTCACCAGGTATACAATGCACTGGGTGAGGCAAGCTCCCGGAAAAGGCCTTGAGTGGATTGGCTATATCAATCCGAGCCGGGGGTATACAAATTATAACCAGAAAGTGAAAGACAGGTTTACCATCAGCCGGGACAATAGCAAAAACACAGCTTTCCTGCAGATGGACAGTCTCCGGCCCGAAGATACCGGGGTGTATTTCTGCGCGAGGTATTACGACGACCATTATTGCCTAGACTATTGGGGGCAAGGGACTCCAGTGACAGTCTCTAGTGCCAGTACCAAAGGGCCCTCCGTCTTTCCTCTCGCTCCCTCGAGTAAATCAACGAGCGGCGGAACCGCTGCCCTGGGCTGCCTGGTTAAGGATTATTTTCCCGAACCCGTGACTGTGAGTTGGAACTCAGGCGCACTTACCTCCGGCGTGCACACATTTCCGGCAGTTCTCCAAAGCTCAGGGCTGTACAGTCTCAGTTCCGTGGTCACCGTCCCCAGCAGTAGCTTGGGCACTCAGACCTATATTTGTAATGTGAATCACAAGCCCAGTAATACCAAGGTTGACAAAAAGGTCGAACCCAAATCCTGTGACAAGACACACACTTGCCCCCCCTGCCCCGCACCGGAAGCCGCCGGTGGTCCTTCCGTGTTTCTGTTCCCCCCCAAGCCCAAGGATACCCTGATGATTTCACGCACGCCTGAGGTAACATGCGTGGTCGTCGACGTATCTCACGAGGATCCCGAGGTCAAGTTCAATTGGTACGTGGATGGTGTCGAGGTGCATAACGCTAAGACTAAGCCCCGGGAGGAGCAGTATAATTCCACGTACAGAGTTGTTTCAGTGCTCACAGTGCTCCACCAAGACTGGTTAAACGGGAAAGAATATAAGTGTAAGGTCAGCAATAAAGCCCTGCCTGCCCCAATCGAAAAAACCATCTCCAAAGCAAAGGGTCAGCCCCGTGAGCCACAGGTTTATACACTGCCACCGAGTAGAGACGAACTGACAAAGAACCAGGTTTCTTTGACTTGTCTGGTGAAAGGATTTTACCCAAGCGACATCGCGGTGGAATGGGAGTCAAATGGCCAGCCAGAGAATAATTACAAGACCACTCCCCCAGTATTGGACAGTGATGGCTCGTTTTTCCTGTACTCCAAATTGACTGTGGACAAGAGTAGATGGCAGCAGGGCAATGTGTTTAGTTGCTCCGTCATGCATGAAGCGCTTCACAACCATTACACACAGAAAAGCCTTTCTTTGAGTCCAGGCAAA
gene_42,GTACAATTAGTTCAGAGCGGTGCGGAAGTCAAGAAGCCTGGGGCATCCGTGAAGGTATCATGTAAAGCGTCCGGCCACATTTTCTCCAATTATTGGATACAATGGGTGCGCCAGGCCCCCGGTCAGGGGCTGGAGTGGATGGGAGAGATCTTACCCGGATCAGGGCATACGGAATACACTGAAAACTTCAAGGACAGGGTGACCATGACTAGAGACACTAGCACAAGTACCGTGTACATGGAACTGAGTAGTTTGAGAAGCGAGGATACCGCCGTGTATTATTGCGCCCGTTATTTCTTTGGATCCTCACCTAATTGGTACTTTGATGTGTGGGGGCAGGGCACTCTGGTGACGGTGAGTAGTGCCTCCACTAAAGGTCCTAGTGTGTTCCCTTTGGCTCCGTGCTCTAGGAGCACAAGCGAGTCTACCGCCGCCCTGGGCTGTCTTGTTAAAGATTACTTTCCCGAACCCGTGACAGTGAGTTGGAACTCCGGGGCGCTGACCAGCGGCGTGCATACATTCCCTGCCGTGCTGCAGTCGTCTGGACTCTATTCCTTATCTTCCGTCGTGACAGTACCTTCATCCAATTTTGGCACCCAAACGTACACCTGCAACGTCGATCACAAACCGTCCAACACAAAGGTGGACAAAACCGTGGAGCGTAAATGTTGTGTGGAGTGCCCCCCTTGTCCCGCACCACCTGTCGCTGGTCCCTCCGTGTTCCTTTTTCCTCCTAAGCCTAAAGATACTCTGATGATTAGTAGGACTCCCGAAGTGACATGTGTCGTCGTAGATGTCTCACAAGAAGACCCAGAGGTCCAGTTCAATTGGTACGTGGACGGGGTCGAGGTGCACAACGCAAAGACAAAACCGAGAGAGGAGCAGTTCAATAGCACCTACAGGGTGGTTAGCGTACTAACTGTGTTGCATCAAGATTGGCTGAATGGCAAGGAGTATAAGTGCAAAGTGAGCAACAAGGGGCTCCCTTCCTCGATTGAGAAAACCATCTCCAAGGCTAAGGGTCAGCCAAGGGAGCCACAAGTGTATACACTCCCCCCCAGCCAGGAGGAAATGACCAAAAATCAAGTGAGCCTGACTTGCCTTGTGAAGGGATTTTACCCATCGGATATAGCGGTGGAGTGGGAATCAAACGGGCAACCCGAAAATAATTATAAGACCACTCCCCCTGTGCTAGACTCCGACGGCTCATTCTTTTTGTACAGCAGATTGACAGTGGATAAGTCTAGATGGCAAGAAGGGAATGTATTTTCCTGTTCCGTCCTACATGAAGCCCTGCATTCCCATTACACACAGAAGTCTCTGTCACTGTCCTTAGGC
gene_38,GAGGTGCAACTCCTCGAGTCAGGCGGAGGTTTGGTGCAGCCGGGCGGATCCCTCCGGCTTAGCTGCGCGGCCTCTGGTTTCACGTTTAGTTCTTACGCTATGAGCTGGGTACGGCAGGCCCCAGGCAAAGGCCTAGAGTGGGTCAGTGGGATTACAGGGTCCGGCGGCTCTACCTACTATGCCGATTCTGTCAAGGGCCGGTTTACTATCAGCCGGGACAATAGCAAGAACACGCTGTACCTACAGATGAATTCCTTGCGGGCTGAAGATACCGCCGTGTACTACTGCGCTAAGGATCCAGGAACCACGGTTATCATGTCGTGGTTCGATCCTTGGGGGCAGGGGACACTTGTAACCGTATCATCAGCCTCCACTAAAGGCCCATCCGTGTTCCCTCTAGCACCTTCCTCCAAATCCACATCTGGCGGTACTGCCGCACTTGGATGCCTGGTGAAGGACTATTTCCCGGAGCCGGTCACCGTGAGTTGGAACTCCGGCGCCCTGACTTCGGGAGTTCACACATTCCCTGCCGTTCTGCAGTCTAGCGGGTTATATAGCTTGTCTAGCGTAGTGACCGTGCCTTCCTCGAGTCTTGGCACACAGACTTATATATGCAATGTGAATCATAAGCCATCTAATACTAAAGTGGACAAGAAGGTAGAGCCTAAGTCCTGCGACAAGACTCATACATGCCCACCATGCCCAGCACCAGAGCTGCTCGGCGGGCCTTCCGTGTTCCTGTTCCCCCCAAAACCCAAGGATACACTTATGATTAGCCGCACGCCTGAAGTGACGTGCGTAGTGGTCGACGTCAGCCACGAGGATCCTGAGGTGAAGTTTAACTGGTACGTCGACGGCGTAGAGGTGCACAATGCCAAGACTAAGCCGAGGGAGGAGCAGTACAATAGTACTTATCGAGTCGTCTCCGTACTGACTGTGCTGCACCAGGACTGGCTTAACGGAAAAGAATACAAATGTAAAGTGAGCAATAAGGCGCTCCCTGCCCCAATAGAGAAGACAATCAGCAAGGCCAAGGGGCAGCCTAGAGAACCACAGGTGTATACTCTGCCGCCTTCACGCGACGAGCTGACCAAAAATCAGGTGAGCTTGACATGTCTCGTCAAAGGTTTTTACCCCTCTGATATTGCAGTGGAATGGGAATCAAACGGCCAGCCGGAGAACAACTACAAAACAACCCCTCCAGTGCTGGACTCGGATGGATCATTCTTCCTCTACTCCAAGCTGACTGTCGACAAATCTAGGTGGCAGCAAGGCAATGTGTTTTCATGTAGTGTAATGCACGAAGCACTTCACAATCACTATACCCAGAAGAGTCTGTCATTGTCGCCAGGCAAG
gene_40,GAAGTGCAGCTCGTTCAGTCCGGCGCCGAAGTCAAAAAGCCTGGCGAGTCCCTTAAGATTTCCTGCAAGGGATCTGGCTATTCGTTTACCACATACTGGCTGGGATGGGTTAGGCAGATGCCAGGGAAGGGTCTGGACTGGATAGGGATTATGTCTCCTGTCGATTCTGATATACGTTATTCTCCGTCATTCCAAGGGCAGGTGACCATGTCAGTTGATAAGAGCATAACTACCGCCTATCTGCAGTGGAATTCCTTAAAAGCATCTGATACCGCAATGTATTATTGCGCCCGGCGGCGACCAGGACAGGGATACTTTGATTTTTGGGGGCAGGGTACTCTGGTAACCGTGTCATCATCCAGTACTAAAGGGCCCTCCGTCTTCCCTCTGGCACCCAGCAGTAAGTCCACAAGTGGGGGCACCGCCGCACTGGGTTGCCTGGTGAAGGACTACTTTCCCGAGCCAGTCACCGTTTCGTGGAACTCCGGCGCGCTTACCTCGGGAGTGCACACCTTCCCCGCAGTCCTGCAGAGCTCGGGTCTCTACTCCCTGTCATCAGTCGTTACCGTGCCGAGCTCCTCGCTGGGGACCCAGACATACATCTGCAATGTCAATCACAAACCTTCCAATACAAAGGTCGATAAGCGCGTGGAGCCAAAGAGTTGTGATAAGACCCAT
gene_21,GAAGTGCAGCTGGTCGAGTCCGGCGGCGGCCTGGTCCAGCCTGGCAGAAGCCTGAGACTCTCCTGTGCTGCATCTGGATTCACTTTCAATGATTATGCCATGCACTGGGTACGCCAAGCACCCGGTAAGGGCCTCGAATGGGTAAGCACGATTTCCTGGAACTCAGGTTCAATCGGCTATGCCGACTCCGTGAAAGGAAGATTCACTATTAGCAGGGATAACGCTAAGAAGAGCTTGTACCTGCAGATGAATTCCCTGCGCGCTGAAGATACTGCATTGTACTACTGTGCCAAAGACATACAATACGGCAATTACTACTACGGTATGGACGTATGGGGCCAAGGCACAACTGTGACTGTGTCCAGTGCATCAACCAAAGGACCTTCCGTCTTCCCCTTGGCGCCTGGCTCCTCCAAAAGTACTAGTGGCACCGCAGCTCTTGGCTGCTTGGTGAAGGACTATTTTCCGGAGCCTGTGACCGTGAGCTGGAACAGCGGTGCATTGACCTCAGGTGTGCACACATTCCCTGCCGTTTTGCAGAGCTCAGGCCTATATAGTCTGAGTTCGGTAGTGACTGTGCCCAGCTCATCCCTGGGGACACAGACATATATATGCAATGTGAACCATAAACCCTCAAACACCAAGGTTGACAAGAAGGTTGAGCCT
gene_25,GACATCGTAATGACCCAGAGTCCAGATTCACTGGCGGTGAGCTTAGGAGAGCGAGTCACTATGAATTGTAAGAGCTCCCAGAGCCTCTTGTACAGCACTAACCAGAAAAACTATCTGGCTTGGTACCAGCAAAAGCCGGGTCAGTCTCCAAAGCTGCTGATTTACTGGGCCTCTACCAGGGAGTCAGGTGTTCCGGACCGTTTTTCCGGAAGCGGCTCTGGCACAGATTTTACCCTGACTATCTCTTCCGTGCAGGCAGAAGATGTCGCAGTGTATTATTGTCAGCAATATTACTCCTATAGAACCTTTGGAGGCGGGACCAAACTGGAAATCAAAAGGACCGTTGCTGCCCCGAGTGTGTTCATTTTTCCACCTAGTGATGAGCAGCTGAAGAGTGGCACCGCTTCTGTCGTATGCTTGCTCAATAACTTTTACCCGCGCGAGGCCAAGGTGCAGTGGAAAGTGGACAATGCTTTACAAAGTGGAAACTCACAAGAGAGTGTGACGGAACAGGACTCAAAAGATTCTACTTATTCATTAAGTAGCACACTGACCCTGTCGAAAGCGGATTACGAAAAACACAAAGTTTACGCATGCGAAGTTACACATCAAGGGCTGAGCTCCCCAGTCACAAAGAGTTTTAACCGCGGGGAATGT
gene_18,CTCCCAGCCCAGGTCGCATTTACCCCCTACGCCCCGGAACCAGGCTCCACGTGCCGCCTACGGGAGTACTACGACCAGACCGCTCAGATGTGTTGCTCCAAATGCTCTCCCGGCCAGCACGCGAAGGTGTTCTGTACAAAGACTAGCGACACCGTTTGCGACTCTTGCGAAGATAGCACCTATACGCAATTGTGGAATTGGGTGCCCGAGTGCCTGTCCTGTGGATCCAGATGTTCATCGGATCAGGTAGAGACACAAGCTTGCACACGCGAACAGAATAGAATCTGCACCTGTAGACCCGGCTGGTATTGTGCACTGAGCAAGCAAGAAGGGTGCAGGCTTTGTGCGCCTCTGAGAAAATGTAGACCTGGTTTCGGCGTCGCCCGACCAGGCACCGAGACAAGTGACGTGGTTTGCAAGCCATGTGCCCCCGGCACATTCAGCAATACGACTTCTTCCACAGATATCTGTCGACCACACCAGATCTGTAATGTTGTGGCTATTCCCGGTAATGCTTCCATGGATGCCGTTTGCACCTCCACCTCCCCAACTAGATCAATGGCTCCAGGTGCTGTGCACCTTCCTCAACCAGTATCCACACGGTCCCAGCACACACAACCCACACCTGAGCCCAGCACAGCCCCTAGTACAAGTTTTCTGCTGCCAATGGGGCCATCACCCCCTGCCGAGGGCAGCACCGGGGATGAACCTAAGAGTTGCGACAAGACTCATACGTGCCCGCCGTGCCCAGCACCGGAACTTCTCGGTGGTCCATCCGTGTTTCTATTCCCCCCCAAGCCGAAGGACACGCTGATGATTTCTAGAACCCCAGAGGTCACTTGCGTCGTAGTCGACGTGAGCCATGAAGATCCCGAAGTCAAGTTCAATTGGTACGTGGATGGTGTCGAAGTGCATAACGCAAAAACAAAGCCCAGAGAAGAACAGTACAACAGTACTTACCGGGTGGTGTCTGTCTTGACGGTGTTGCATCAAGATTGGCTTAATGGTAAGGAATATAAGTGTAAGGTCTCTAACAAGGCTCTGCCCGCTCCAATTGAAAAAACAATCTCGAAGGCTAAGGGCCAGCCCCGAGAACCACAAGTTTACACCCTGCCTCCTAGCAGGGAAGAGATGACTAAGAATCAAGTGTCCCTAACCTGTCTGGTAAAAGGGTTCTACCCATCCGATATCGCAGTAGAGTGGGAAAGCAATGGGCAGCCCGAGAACAACTATAAAACAACACCCCCTGTGCTAGACTCCGACGGCTCGTTCTTCCTGTATTCCAAGCTGACAGTGGACAAGAGCCGGTGGCAGCAAGGCAATGTTTTCAGCTGCAGCGTGATGCATGAGGCGCTTCATAATCATTACACACAGAAGTCTCTCTCGTTATCGCCCGGCAAG
gene_44,GATATTCAGATGACCCAGTCCCCATCTTCCCTCTCAGCAAGTGTGGGCGATAGAGTGACAATCACCTGTGGCGCTAGCGAGAATATCTACGGTGCCCTGAATTGGTATCAGCAAAAGCCCGGCAAGGCCCCTAAGCTGCTCATTTATGGAGCTACTAACCTCGCTGATGGAGTCCCCTCTAGATTTAGCGGTAGCGGGTCCGGCACAGACTTCACCTTGACTATTAGCTCCCTGCAACCAGAAGACTTCGCGACTTACTATTGCCAAAATGTACTTAACACTCCGCTGACATTCGGGCAGGGTACAAAGGTAGAGATCAAACGCACAGTCGCAGCACCATCAGTGTTCATCTTTCCCCCTTCTGACGAACAGCTGAAATCGGGAACTGCCTCAGTGGTGTGTCTGCTGAATAATTTCTACCCACGCGAAGCCAAAGTCCAGTGGAAAGTGGACAATGCTTTGCAGAGTGGCAACAGTCAAGAATCAGTGACTGAACAAGATTCTAAGGACAGCACTTACTCATTGTCTAGCACCCTGACCTTGTCGAAGGCTGATTACGAGAAGCACAAGGTTTACGCTTGCGAGGTTACACACCAAGGGCTTAGCTCGCCCGTGACCAAGAGTTTCAACAGGGGTGAATGT
gene_46,GACATTCAGTTGACTCAGTCACCTTCAACCCTCAGTGCTTCAGTAGGCGATCGCGTCACTATTACATGTAGGGCCTCTGAATCACTCGACAACTACGGTATCAGGTTCCTTACTTGGTTTCAGCAGAAACCAGGGAAGGCCCCGAAATTGCTAATGTACGCAGCTTCCAATCAGGGGTCAGGTGTGCCCTCACGCTTTTCCGGAAGCGGGTCCGGGACTGAATTCACCCTCACCATCTCATCCTTGCAGCCTGACGATTTCGCAACGTATTACTGTCAACAGACCAAGGAAGTGCCGTGGTCTTTTGGGCAGGGTACAAAGGTCGAGGTGAAGAGAACCGTCGCTGCACCTTCCGTCTTTATTTTTCCTCCTAGTGATGAGCAGCTAAAATCAGGCACTGCTTCAGTGGTGTGCTTACTGAATAACTTTTACCCTCGAGAGGCAAAGGTGCAGTGGAAAGTGGACAACGCGCTTCAGAGCGGGAATAGCCAGGAAAGCGTTACAGAACAGGATTCTAAAGACTCCACTTACAGTCTGAGCTCTACCCTCACACTGAGCAAAGCCGATTATGAGAAGCATAAGGTGTATGCGTGTGAGGTGACTCACCAGGGCCTGTCTTCACCAGTCACCAAGTCTTTCAACAGAGGTGAGTGC
gene_27,AAGAAAGTGGTCCTGGGCAAGAAAGGGGACACTGTAGAATTAACATGTACCGCTTCACAAAAGAAAAGCATCCAGTTTCACTGGAAGAATAGCAACCAGATTAAAATTCTGGGTAACCAGGGTTCCTTCTTGACAAAGGGACCATCTAAGCTGAATGATAGAGCCGACAGCCGGCGGTCTCTTTGGGACCAGGGCAACTTCCCCTTGATCATCAAAAATCTTAAGATTGAGGATAGCGACACTTACATCTGTGAGGTGGAAGATCAGAAGGAAGAGGTCCAGCTGCTCGTGTTCGGTCTTACGGCCAATAGCGATACCCACCTCCTTCAAGGACAAAGCCTGACTCTCACACTGGAGTCTCCTCCGGGCAGTTCTCCAAGCGTACAATGCCGGAGTCCCCGAGGAAAGAATATTCAGGGCGGCAAGACTTTGAGTGTTTCCCAGCTGGAGTTGCAGGACAGCGGGACATGGACCTGCACTGTGCTGCAGAACCAAAAGAAAGTGGAGTTCAAGATAGACATTGTCGTCCTCGCGTTTCAAAAAGCCCATCACCATCATCATCAT
gene_53,CAGGTGCAGCTCCAGCAGCCCGGCGCCGAGCTTGTCAAGCCCGGTGCATCCGTTAAGATGAGTTGTAAAGCCAGCGGATATACTTTTACCTCATACAATATGCATTGGGTCAAACAGACGCCTGGCAGGGGCCTGGAGTGGATTGGGGCCATCTATCCGGGAAACGGAGATACTTCATACAATCAGAAATTTAAGGGAAAAGCTACTCTGACGGCGGATAAGAGCTCGAGTACGGCATATATGCAGCTGTCTTCCCTAACTTCCGAAGATAGCGCGGTGTATTATTGCGCCCGAAGCACCTATTATGGGGGCGACTGGTATTTTAACGTATGGGGGGCAGGGACTACTGTGACTGTGTCTGCCGCCTCAACAAAAGGCCCCAGCGTCTTCCCTCTAGCTCCCAGCAGCAAGTCTACCAGCGGCGGAACTGCCGCCCTTGGGTGCCTAGTAAAGGACTATTTCCCTGAACCAGTTACAGTCAGTTGGAATTCAGGGGCTTTGACATCAGGTGTTCATACATTTCCAGCGGTGCTGCAGTCTAGCGGACTGTACAGTTTGTCCTCCGTGGTGACCGTGCCATCCAGCAGCCTGGGAACCCAGACTTATATCTGCAACGTGAATCACAAACCCTCAAACACCAAGGTTGATAAAAAGGCTGAACCCAAATCGTGTGACAAAACTCACACTTGCCCACCATGCCCCGCTCCAGAGCTCCTGGGAGGCCCCTCCGTATTCCTGTTTCCCCCTAAACCGAAAGACACTCTTATGATCAGCCGGACACCCGAGGTCACCTGCGTAGTCGTCGATGTGTCCCATGAAGACCCTGAAGTGAAATTCAACTGGTACGTTGACGGCGTGGAGGTGCATAATGCCAAGACTAAGCCCAGAGAAGAGCAGTACAATTCCACCTATCGGGTTGTCAGCGTGCTGACAGTGCTTCACCAGGATTGGCTTAATGGCAAAGAGTATAAATGCAAAGTGTCGAACAAAGCCCTCCCAGCCCCTATCGAGAAAACGATAAGCAAGGCCAAGGGGCAGCCCCGTGAACCTCAGGTTTACACCCTCCCACCATCTAGAGATGAATTGACCAAGAATCAGGTTAGTCTAACCTGCCTTGTCAAGGGGTTTTACCCTAGTGACATCGCCGTAGAGTGGGAGTCGAATGGTCAGCCTGAGAATAACTACAAGACCACACCTCCCGTGTTGGACTCAGATGGATCGTTTTTTCTCTATTCAAAGCTGACCGTAGATAAGTCCCGCTGGCAACAAGGCAACGTCTTCTCATGCAGTGTCATGCACGAAGCACTGCACAATCACTATACGCAGAAATCTCTCAGTCTGTCTCCAGGGAAG
gene_16,CAAGTTCAGTTGGTGGAGAGCGGCGGAGGAGTGGTGCAGCCAGGCCGGAGCTTAAGACTGGATTGTAAGGCAAGCGGCATAACCTTCTCCAATAGCGGTATGCATTGGGTACGCCAGGCTCCCGGGAAAGGACTGGAATGGGTGGCAGTAATTTGGTACGACGGTTCCAAGCGGTACTATGCAGATTCGGTTAAGGGCAGATTTACTATTTCACGTGACAATAGTAAAAATACATTATTTCTCCAAATGAACTCACTCAGGGCCGAGGACACCGCAGTGTATTATTGTGCTACTAACGACGACTACTGGGGGCAGGGAACTCTTGTCACAGTCTCAAGTGCGAGCACGAAGGGACCCTCAGTGTTCCCATTGGCCCCCTGCTCACGGTCCACATCTGAATCTACGGCCGCCCTGGGCTGTCTGGTGAAAGACTATTTCCCCGAACCCGTGACGGTGTCCTGGAACAGCGGGGCCCTCACTTCTGGAGTTCACACATTCCCGGCCGTCCTCCAGTCTTCTGGTCTTTATTCCTTATCTTCTGTAGTGACTGTGCCATCCAGTTCTCTAGGGACCAAAACATACACATGTAACGTTGACCACAAACCCTCCAACACCAAAGTGGATAAAAGGGTGGAGAGTAAATATGGTCCGCCGTGCCCCCCATGTCCTGCCCCCGAGTTCTTGGGGGGACCTAGCGTATTTCTGTTCCCCCCCAAACCCAAAGACACACTGATGATTAGCAGGACCCCGGAAGTGACATGCGTGGTGGTGGACGTCTCACAGGAGGACCCAGAAGTCCAATTTAACTGGTACGTGGATGGGGTGGAGGTGCACAACGCTAAGACCAAACCAAGGGAAGAACAATTTAATTCAACCTACAGGGTAGTTTCCGTCCTTACCGTACTGCACCAGGATTGGCTGAATGGCAAAGAGTATAAATGCAAAGTCAGCAATAAGGGCCTACCGAGTAGCATCGAAAAGACTATTAGTAAGGCCAAAGGCCAGCCCCGCGAACCTCAGGTGTACACCCTGCCACCTTCCCAGGAAGAGATGACGAAAAACCAGGTAAGTCTGACATGCCTGGTGAAAGGGTTCTACCCATCAGACATCGCTGTGGAATGGGAGAGCAATGGTCAGCCCGAGAATAACTATAAGACGACACCTCCAGTATTAGATAGCGACGGATCCTTCTTTCTGTACTCTAGACTGACCGTGGACAAATCCCGGTGGCAAGAGGGTAACGTTTTCAGCTGCAGTGTGATGCACGAAGCTCTGCACAACCACTATACGCAAAAGTCACTGAGCCTTTCCCTCGGGAAG
gene_32,GAGGTCCAGCTGGTAGAAAGTGGAGGTGGACTAGTGCAGCCGGGCGGCTCTCTTCGGTTGAGTTGCGCCGCCAGCGGCTTCGATTTCAGTCGATATTGGATGTCCTGGGTGCGACAGGCACCCGGCAAGGGACTCGAGTGGATCGGGGAAATAAATCCAGACTCATCCACCATCAACTATGCACCGTCCCTGAAGGACAAGTTTATCATCAGTCGCGATAACGCCAAGAATAGTCTGTACTTGCAGATGAATTCTCTCCGAGCGGAAGATACAGCTGTTTATTACTGCGCACGGCCGGACGGAAACTATTGGTATTTCGACGTGTGGGGCCAGGGGACGCTAGTTACTGTTAGCAGCGCGTCTACAAAGGGACCTTCAGTCTTCCCCCTCGCTCCTAGTTCTAAATCTACCAGTGGTGGGACCGCTGCACTCGGCTGCCTCGTCAAGGACTATTTTCCGGAGCCCGTTACAGTGAGCTGGAACAGCGGAGCACTCACAAGTGGTGTGCATACCTTCCCTGCTGTACTGCAGTCTAGCGGTCTATATTCACTGTCTTCCGTTGTCACTGTGCCCAGTTCTTCCCTCGGTACTCAAACATACATCTGCAATGTGAACCACAAACCTTCTAACACTAAGGTTGACAAGAAGGTCGAGCCAAAATCTTGCGACAAGACCCATACCTGTCCTCCTTGCCCAGCCCCTGAGCTGCTCGGGGGCCCGTCTGTGTTTCTCTTCCCCCCGAAGCCGAAAGATACTCTAATGATTAGTCGGACCCCCGAAGTCACCTGCGTCGTCGTGGACGTGAGCCATGAGGATCCAGAAGTGAAATTTAACTGGTATGTTGACGGTGTGGAGGTGCATAACGCCAAGACCAAACCACGTGAGGAGCAGTATAACTCCACATATCGTGTGGTTAGCGTACTTACGGTCTTGCATCAGGACTGGCTTAACGGAAAGGAATACAAGTGTAAGGTGTCTAATAAAGCACTGCCCGCTCCCATAGAGAAAACAATCTCCAAAGCCAAAGGTCAGCCAAGAGAGCCCCAGGTGTATACGTTACCACCTTCACGGGACGAGCTCACTAAGAACCAAGTCAGTCTCACATGCCTGGTGAAGGGCTTCTACCCTAGTGATATCGCTGTGGAGTGGGAGAGTAATGGCCAACCCGAGAACAACTATAAGACCACTCCCCCTGTCCTTGACTCCGACGGCTCTTTTTTCCTGTACAGCAAACTAACCGTCGACAAGTCTCGATGGCAGCAGGGCAATGTGTTCTCGTGCTCGGTGATGCACGAAGCACTGCATAACCACTACACTCAGAAATCTTTGTCACTCTCTCCTGGGAAG
gene_48,GAAGTTCAACTGGTAGAATCAGGTGGGAAGTTGCTGAAACCTGGGGGAAGTCTTAAGCTGAGCTGTGCTGCAAGCGGATTTACGTTCTCTTCATTCGCAATGTCTTGGTTCCGTCAGAGCCCCGAAAAGCGGCTGGAGTGGGTCGCAGAAATCTCAAGCGGCGGCAGTTATACCTATTATCCCGACACCGTGACCGGGCGATTCACTATCTCTCGTGACAACGCTAAGAACACATTATATCTGGAAATGTCGTCCCTGCGATCCGAAGATACTGCCATGTATTATTGCGCACGCGGCCTCTGGGGGTACTACGCACTGGATTACTGGGGGCAGGGGACGAGTGTTACAGTGTCTAGCGCAAGCACAAAGGGCCCCTCAGTCTTCCCTCTTGCCCCATCAAGCAAGAGCACATCTGGCGGCACGGCAGCCCTGGGGTGCCTAGTGAAGGACTACTTCCCAGAGCCTGTCACCGTTTCCTGGAATAGTGGAGCACTGACAAGTGGGGTGCATACATTTCCAGCGGTTCTGCAAAGCTCTGGCCTGTACAGTCTGAGCTCTGTAGTGACAGTCCCTAGTTCTTCCTTGGGGACGCAGACCTACATCTGTAATGTGAACCATAAACCAAGCAACACTAAGGTGGATAAGAAAGTTGAACCAAAGTCTTGCGATAAGACGCACACCTGTCCACCTTGCCCCGCGCCAGAGCTCCTGGGAGGCCCGTCAGTCTTCCTGTTTCCTCCAAAGCCAAAGGATACACTGATGATCTCCAGGACACCAGAGGTTACCTGTGTCGTGGTGGATGTGTCACACGAGGACCCAGAAGTAAAGTTTAACTGGTACGTCGACGGCGTGGAAGTACACAACGCCAAGACCAAGCCGAGAGAGGAGCAGTATAACAGCACCTACAGAGTCGTCTCAGTACTGACGGTCCTGCATCAAGACTGGCTTAATGGAAAAGAATACAAATGCAAAGTGAGCAATAAGGCTCTCCCAGCACCAATAGAAAAGACCATCTCGAAGGCCAAGGGCCAGCCCAGGGAGCCGCAAGTCTATACTCTGCCCCCGAGTCGCGATGAACTGACAAAGAACCAGGTGTCTTTGACGTGCTTAGTGAAGGGGTTCTACCCCTCTGATATCGCCGTCGAGTGGGAATCCAACGGGCAGCCAGAGAATAATTACAAGACCACTCCACCCGTCCTCGACAGCGACGGTTCATTCTTCTTATATAGCAAACTTACAGTGGACAAATCCAGGTGGCAGCAGGGGAATGTCTTCTCCTGCAGCGTGATGCACGAGGCTCTGCACAACCACTATACTCAAAAGTCATTGTCACTGAGTCCCGGAAAA
gene_2,GGGCCAAACCACCACGAAGTCGTAAAGTTCATGGACGTCTACCAACGCAGCTATTGCCACCCGATTGAGACGCTTGTGGATATTTTCCAGGAATATCCTGATGAGATCGAGTACATTTTCAAGCCTTCATGTGTGCCACTGATGAGATGCGGGGGCTGTTGCAATGACGAAGGGCTCGAGTGCGTTCCAACTGAAGAGAGTAATATTACTATGCAGATTATGCGAATCAAACCACACCAAGGGCAACACATTGGAGAAATGTCCTTTCTCCAGCACAATAAGTGCGAATGTCGACCCAAAAAAGAT
gene_30,CAGGTACAGTTGGTGGAATCCGGGGGTGGCGTCGTGCAGCCCGGAAGAAGCTTGCGGTTATCATGTGCTGCATCAGGATTCACTTTTTCTAGTTACACCATGCATTGGGTACGGCAGGCGCCTGGGAAAGGATTAGAGTGGGTAACCTTCATTTCATACGACGGCAACAACAAGTACTACGCCGACTCGGTCAAAGGCAGGTTTACAATCTCAAGAGACAATAGTAAGAACACCCTGTACTTGCAGATGAATTCGCTGAGAGCTGAGGATACTGCCATTTACTATTGCGCCCGGACCGGCTGGCTCGGCCCCTTTGACTACTGGGGACAGGGTACTCTTGTGACTGTGTCTAGCGCCTCAACCAAAGGCCCATCTGTTTTTCCCCTCGCACCCTCCAGCAAGAGCACCTCGGGCGGGACTGCTGCTCTCGGATGTTTGGTCAAGGATTATTTTCCTGAGCCAGTTACCGTGTCATGGAACTCCGGCGCACTGACCTCAGGAGTACATACCTTTCCAGCTGTGTTGCAGAGCTCAGGTCTTTACTCACTGTCATCAGTCGTGACCGTGCCCTCATCGTCCCTAGGCACCCAAACCTATATCTGCAATGTCAACCACAAGCCTTCCAATACCAAGGTGGATAAGCGAGTCGAGCCAAAGAGTTGCGACAAGACCCACACATGCCCTCCCTGTCCTGCGCCCGAATTACTGGGAGGTCCTTCAGTATTCCTCTTCCCACCAAAACCAAAAGACACCCTCATGATAAGCCGAACACCAGAAGTGACATGTGTAGTCGTGGATGTGAGCCATGAGGATCCCGAGGTCAAGTTCAACTGGTACGTGGACGGTGTGGAAGTTCATAACGCCAAAACCAAGCCACGAGAGGAACAGTATAACTCAACTTACCGAGTTGTTTCTGTCTTGACAGTTCTGCACCAGGATTGGTTGAATGGTAAGGAATACAAATGTAAAGTCTCCAATAAGGCTCTTCCCGCCCCTATCGAGAAGACCATCTCCAAAGCTAAGGGCCAGCCAAGGGAACCACAGGTATACACACTTCCTCCCAGCCGGGACGAGCTGACAAAAAACCAGGTGAGCTTAACCTGTCTGGTGAAAGGCTTTTACCCGTCCGATATCGCTGTCGAATGGGAAAGCAACGGCCAGCCTGAGAACAACTACAAGACAACTCCCCCCGTACTGGACTCAGATGGCTCATTCTTCCTTTACTCCAAATTGACCGTGGACAAGTCCCGGTGGCAACAGGGAAACGTTTTCAGTTGTTCAGTAATGCACGAAGCTCTTCACAATCATTACACACAGAAAAGCCTGTCACTCTCACCCGGTAAA
gene_51,GACATTCAGCTGACCCAATCACCATCATCTCTCAGCGCTTCAGTCGGCGATAGGGTCACTATTACGTGCAGCGCAAGCCAGGATATTTCTAATTACTTAAACTGGTACCAACAGAAACCAGGCAAGGCTCCGAAGGTACTCATTTACTTCACATCTTCCCTCCACAGTGGCGTGCCCAGTCGGTTTTCTGGAAGCGGCTCAGGTACCGATTTTACACTCACAATTAGCTCCCTCCAGCCCGAAGACTTCGCCACCTACTATTGCCAGCAGTATAGCACTGTGCCTTGGACCTTTGGTCAGGGGACAAAAGTCGAAATTAAGCGCACTGTCGCTGCCCCCAGTGTCTTCATTTTTCCTCCAAGCGACGAACAGCTAAAGAGTGGAACGGCAAGCGTAGTGTGCCTTCTGAATAATTTCTATCCGCGGGAAGCCAAGGTTCAATGGAAGGTAGATAACGCCCTTCAGTCTGGGAATAGTCAGGAATCAGTGACAGAGCAGGACAGTAAGGACTCGACTTACAGCCTGAGTAGCACGCTCACCTTGTCGAAGGCAGACTATGAGAAACATAAGGTTTATGCCTGTGAAGTCACCCATCAAGGCCTGTCATCTCCTGTTACCAAATCTTTCAATCGGGGGGAGTGT
gene_14,GAAGTTCAGTTGGTGGAGTCCGGAGGGGGCCTCGTGCAACCCGGGGGCTCCCTGCGGTTGTCTTGTGCCGCCAGTGGGTTTACGTTCTCCAACTACTGGATGAATTGGGTTAGACAGGCACCTGGGAAAGGTCTGGAATGGGTCGCCGCAATTAACCAAGATGGCTCAGAAAAATACTACGTTGGTTCCGTAAAAGGTCGTTTCACCATTAGTAGGGACAACGCGAAGAATAGCCTTTACCTTCAGATGAATAGTCTACGCGTTGAAGACACGGCCGTATATTACTGTGTACGGGACTACTATGACATCCTTACCGACTACTACATCCATTACTGGTACTTTGACTTGTGGGGACGGGGAACCTTGGTGACTGTTTCATCTGCCTCCACAAAAGGACCATCCGTGTTTCCTCTAGCCCCATCCAGTAAGTCAACCTCTGGAGGCACTGCCGCCCTTGGGTGTCTGGTGAAGGATTATTTCCCAGAACCTGTTACGGTCTCGTGGAATAGTGGGGCACTTACTAGCGGCGTTCACACATTTCCTGCCGTATTGCAGAGCAGCGGACTCTACTCGTTGAGTTCTGTGGTGACCGTCCCATCATCATCGCTGGGAACCCAGACCTATATATGCAATGTGAATCACAAGCCTAGTAACACCAAGGTGGATAAGAGAGTGGAGCCTAAGTCTTGCGATAAAACCCATACATGCCCCCCGTGTCCAGCCCCCGAATTATTAGGAGGGCCAAGTGTCTTTCTATTCCCTCCCAAGCCAAAGGACACACTCATGATCTCTAGAACACCCGAGGTTACCTGCGTGGTTGTGGACGTCTCTCATGAAGATCCAGAGGTGAAATTCAATTGGTATGTCGATGGCGTGGAGGTACATAACGCAAAAACTAAACCCCGAGAGGAACAGTACAATTCCACGTACCGTGTCGTGTCCGTCTTGACCGTATTGCACCAGGACTGGCTCAATGGCAAGGAATATAAGTGTAAGGTGTCAAACAAAGCACTCCCCGCTCCTATCGAGAAGACAATTTCTAAGGCTAAAGGCCAGCCCAGGGAACCCCAGGTGTACACCCTTCCTCCTAGCCGGGAAGAAATGACCAAGAATCAGGTCTCCCTGACCTGCCTCGTCAAAGGCTTCTACCCGTCGGATATCGCCGTTGAGTGGGAATCTAATGGGCAGCCGGAGAACAATTACAAAACTACTCCCCCGGTCTTGGATTCCGATGGCTCTTTCTTCCTCTACAGTAAGCTGACTGTGGACAAGTCTAGATGGCAGCAGGGGAACGTGTTTAGTTGTAGCGTGATGCACGAGGCCCTTCACAATCACTATACGCAAAAATCTTTGAGCCTTAGCCCAGGTAAA
gene_29,GATATCCAAATGACCCAGAGTCCTTCCAGCCTGTCAGCATCAGTGGGAGATCGGGTGACCATAACGTGCGGCACCTCCGAGGACATCATCAACTATCTGAACTGGTACCAGCAGAAGCCCGGCAAGGCTCCAAAACTGCTGATTTACCACACCTCTCGTCTCCAGTCCGGAGTACCGAGCAGATTTTCTGGCTCAGGAAGTGGAACGGATTTCACACTCACGATTTCATCACTGCAGCCTGAGGATTTCGCCACTTACTATTGCCAGCAGGGGTACACGCTGCCATACACCTTCGGACAGGGCACCAAAGTGGAAATCAAGCGTACTGTGGCAGCACCCAGTGTTTTTATCTTTCCACCCTCGGATGAGCAATTGAAGTCAGGCACAGCTTCGGTAGTGTGCCTGCTGAATAATTTCTATCCCCGTGAAGCAAAAGTGCAGTGGAAGGTCGACAACGCCCTTCAGAGCGGCAATTCCCAGGAAAGTGTTACAGAGCAGGATAGTAAGGATAGTACATACTCTCTCAGTTCTACGCTGACACTTAGTAAAGCAGACTACGAGAAGCATAAGGTTTACGCGTGTGAGGTTACTCACCAAGGGCTCAGTAGCCCCGTTACCAAGAGTTTCAACCGCGGAGAGTGT
gene_55,ATGGGTGTCCACGAATGTCCAGCATGGTTGTGGCTCCTGCTTAGTTTGCTCAGTCTGCCGCTCGGACTGCCAGTGCTCGGTGCACCCCCACGGCTGATCTGTGATAGCAGGGTCCTGGAAAGGTATCTGCTGGAAGCCAAGGAGGCAGAAAACATCACAACCGGTTGCAACGAGACCTGTTCACTGAACGAGAATATCACTGTTCCCGATACTAAAGTCAACTTTTACGCATGGAAGAGAATGGAAGTTGGTCAGCAGGCAGTAGAGGTGTGGCAGGGGCTGGCTCTCCTGAGCGAGGCCGTTCTCAGGGGACAAGCATTGCTGGTGAATTCCAGCCAGGTGAATGAAACACTGCAGCTGCACGTCGATAAGGCTGTGTCGGGCTTAAGGAGTTTGACCACTCTGCTGCGCGCTCTGGGTGCTCAGAAGGAAGCCATTTCCCCACCCGACGCTGCCTCCGCCGCACCTCTGCGGACTATCACCGCTGACACCTTCCGCAAGCTGTTTCGGGTGTACTCGAACTTTTTGCGAGGTAAACTTAAGCTGTACACAGGCGAGGCATGTCGCACAGGTGATCGG
gene_10,CAGGTGCAGCTCGTTCAAAGCGGGGTCGAAGTTAAAAAGCCTGGTGCATCCGTGAAGGTTTCATGTAAAGCTTCTGGCTACACCTTTACAAATTACTATATGTACTGGGTGAGGCAGGCTCCTGGACAGGGGCTGGAGTGGATGGGCGGCATCAACCCTTCCAACGGTGGGACTAACTTTAATGAGAAATTTAAGAACAGGGTGACGTTGACTACAGACAGCTCCACCACGACAGCATACATGGAATTGAAATCACTCCAGTTCGATGACACAGCAGTGTATTATTGTGCACGCCGGGATTATAGGTTTGACATGGGGTTCGACTACTGGGGCCAGGGCACCACCGTCACTGTGAGTAGCGCTAGTACCAAGGGACCGAGTGTCTTTCCACTAGCCCCGTGTTCAAGATCCACCAGCGAAAGCACGGCTGCCCTGGGTTGCCTCGTGAAAGACTACTTCCCAGAACCAGTCACCGTTAGCTGGAATTCTGGGGCCCTGACTAGCGGGGTACACACATTTCCCGCCGTGCTACAATCTAGCGGCCTTTATTCGCTTTCCTCGGTGGTGACAGTGCCTAGCTCTTCCTTGGGTACCAAGACATATACCTGCAACGTTGACCATAAGCCGAGCAATACAAAGGTGGATAAGAGAGTGGAAAGCAAGTACGGTCCCCCCTGTCCACCATGTCCCGCTCCTGAGTTTCTGGGCGGACCTTCCGTTTTTCTGTTCCCCCCTAAGCCAAAGGACACACTGATGATCTCGCGGACTCCTGAAGTGACCTGTGTTGTTGTTGACGTGTCTCAAGAGGATCCGGAGGTGCAGTTCAACTGGTACGTTGATGGAGTCGAAGTGCATAACGCCAAGACAAAACCAAGAGAAGAACAGTTTAACAGCACCTATCGCGTGGTGAGCGTGCTGACTGTGCTGCACCAAGATTGGCTTAACGGGAAGGAGTATAAGTGCAAAGTGTCAAACAAAGGGCTTCCATCCTCCATTGAAAAGACAATCTCCAAGGCAAAAGGCCAGCCTCGGGAGCCACAGGTGTACACCCTGCCCCCATCTCAAGAGGAAATGACAAAGAACCAAGTCTCCCTTACCTGTCTTGTGAAGGGCTTTTATCCTTCTGATATTGCCGTGGAGTGGGAGTCAAACGGCCAACCCGAGAACAACTACAAGACAACACCTCCCGTGCTGGACTCCGATGGGAGTTTTTTTCTGTACTCTCGACTGACCGTGGACAAGTCCAGATGGCAAGAAGGAAACGTTTTCAGCTGTAGCGTGATGCATGAGGCCCTTCATAATCATTACACCCAGAAGTCTCTGTCCCTGAGTCTCGGCAAG
gene_6,GACATCCAGATGACCCAGTCCCCCTCGAGTCTGTCGGCTTCCGTTGGAGACCGAGTGACCATCACATGCCGGGCTTCGCAGGGCATTCGGAATTATCTGGCATGGTATCAACAAAAACCCGGAAAAGCACCCAAGCTGCTCATCTACGCAGCCAGCACACTCCAGTCAGGTGTACCCTCACGCTTCAGTGGCTCTGGGAGCGGCACCGATTTCACCCTGACCATCTCTTCCCTGCAGCCCGAAGACGTCGCGACATACTACTGCCAGAGATATAACCGGGCACCATATACTTTCGGTCAGGGCACTAAGGTGGAAATTAAAAGAACAGTTGCTGCGCCAAGCGTTTTTATATTCCCGCCAAGTGATGAGCAACTTAAAAGTGGCACTGCGTCAGTGGTCTGTCTGCTTAACAACTTTTATCCTAGAGAGGCGAAAGTCCAGTGGAAGGTTGACAATGCTCTGCAGAGCGGCAATAGCCAGGAGAGCGTGACCGAACAGGACTCCAAGGACTCCACTTACAGTCTTTCTTCCACGCTGACACTGTCTAAGGCTGATTATGAAAAGCACAAGGTGTATGCTTGTGAAGTGACCCATCAAGGACTCAGTTCTCCAGTGACTAAATCATTTAACCGTGGGGAATGT
gene_34,GAAGTGCAGCTAGTGCAGTCTGGAGGGGGTCTCGTAAAACCAGGCGGTTCTCTCCGCCTCTCCTGTGCTGCTTCCGGCTTCACCTTCAGCAGCTACAGCATGAATTGGGTGAGACAAGCCCCTGGGAAGGGTCTCGAGTGGGTGTCTAGCATCAGTAGCAGTTCCTCATATATATACTACGCGGACTCAGTGAAGGGGCGGTTTACGATTTCAAGAGACAACGCGAAAAACTCACTGTACCTGCAGATGAACTCGCTGCGCGCCGAAGATACCGCTGTGTATTACTGTGCCCGCGTGACCGATGCATTCGACATATGGGGCCAGGGGACTATGGTCACTGTGTCCTCCGCATCCACAAAAGGCCCATCAGTCTTTCCACTGGCCCCATCCAGCAAATCTACAAGCGGAGGCACCGCTGCGCTGGGCTGCTTGGTTAAGGACTATTTTCCCGAGCCCGTGACCGTGAGCTGGAACTCAGGCGCTCTTACGTCAGGGGTGCACACCTTCCCTGCCGTACTCCAGAGCAGTGGACTGTATTCCTTGAGCTCAGTCGTGACCGTACCCTCATCATCCCTGGGAACACAGACTTACATCTGTAATGTGAATCACAAGCCTTCAAATACGAAAGTGGACAAAAAAGTGGAACCCAAATCATGTGACAAAACACACACCTGTCCCCCCTGCCCCGCACCGGAGCTGCTCGGGGGGCCATCCGTGTTTTTGTTCCCCCCTAAACCTAAAGATACCTTGATGATCTCCAGAACGCCCGAAGTGACTTGCGTGGTCGTGGATGTCAGCCATGAGGATCCCGAAGTGAAGTTTAACTGGTACGTGGACGGGGTAGAAGTGCATAATGCAAAAACTAAGCCTAGAGAGGAGCAGTACAATAGTACCTACAGGGTGGTATCCGTTCTTACAGTGCTCCACCAGGATTGGCTCAACGGAAAGGAGTACAAGTGTAAGGTAAGTAACAAGGCTTTACCTGCTCCCATTGAGAAAACAATCAGCAAGGCTAAAGGACAGCCTAGGGAGCCACAGGTGTATACTCTGCCACCATCTCGGGAGGAGATGACGAAGAACCAGGTGTCCCTGACCTGTCTGGTTAAGGGCTTTTATCCTTCAGACATTGCTGTGGAGTGGGAGTCCAACGGGCAGCCGGAGAATAACTATAAAACCACACCTCCCGTGCTGGATTCGGATGGCTCTTTCTTCCTGTACAGTAAACTGACAGTAGATAAAAGCCGCTGGCAGCAAGGCAACGTGTTTAGCTGTAGTGTCATGCATGAAGCGCTACACAATCATTACACCCAGAAAAGCCTCAGCCTTTCGCCCGGCAAA
gene_36,GACATCCAGATGACTCAGAGCCCTAGCTCCCTGTCCGCGAGCGTCGGGGATCGAGTTACCATCACCTGCAAGGCTTCACAAAATGTGGGAACAAATGTGGCGTGGTATCAACAAAAGCCCGGGAAGGCCCCAAAGGCGCTGATCTATAGCGCTTCCTTTCTGTATTCTGGCGTGCCATATCGATTTAGCGGGAGCGGATCTGGAACCGATTTCACCCTCACTATTTCCAGCCTGCAGCCAGAGGACTTTGCAACCTACTACTGCCAGCAGTACAACATTTACCCTCTGACCTTCGGGCAGGGAACGAAAGTGGAGATTAAACGCACAGTGGCCGCTCCGAGTGTGTTTATTTTCCCCCCTTCCGATGAGCAACTGAAAAGCGGCACGGCATCCGTGGTCTGCCTCTTGAATAACTTCTATCCTCGGGAGGCAAAAGTCCAGTGGAAAGTTGATAACGCCCTGCAAAGCGGCAATTCTCAGGAAAGTGTGACTGAACAGGATAGCAAGGACTCGACCTATTCACTCAGCAGTACCCTGACGCTATCCAAAGCAGATTATGAAAAGCATAAGGTGTATGCGTGCGAGGTTACTCACCAGGGCCTTAGTTCCCCTGTGACAAAAAGTTTCAATCGGGGCGAATGT
gene_4,GATATCCAGATGACACAGAGCCCCTCATCACTCTCCGCGAGCGTAGGCGACCGAGTTACCATTACCTGTCGAGCCAGTCAGGACATTTCCAGTTATCTGAACTGGTATCAGCAGAAGCCTGGTAAAGCTCCTAAACTACTAATCTACTACACTAGTAGGCTGCATTCCGGCGTGCCCAGTCGCTTCTCGGGATCAGGGAGCGGGACAGATTTCACCTTCACAATCAGCAGCCTGCAGCCAGAAGACATTGCTACATATTATTGCCAACAAGGAAACACCCTGCCTTACACTTTCGGCCAAGGTACCAAGGTCGAAATCAAAAGAACGGTGGCCGCCCCCTCTGTGTTCATCTTCCCACCCTCAGATGAGCAACTGAAGTCTGGAACCGCCAGTGTCGTTTGTCTTCTGAATAATTTTTACCCAAGGGAGGCGAAAGTCCAGTGGAAAGTGGATAACGCCTTACAGTCAGGCAATAGCCAGGAATCTGTCACTGAGCAGGACTCCAAAGATAGCACCTACTCGTTATCAAGTACCTTAACTCTCTCTAAAGCTGATTATGAAAAGCACAAGGTGTACGCGTGTGAGGTCACCCACCAGGGACTGTCTAGCCCCGTTACGAAATCATTTAATCGGGGTGAATGT
gene_57,GATATAGTCATGACACAGACACCGCTTTCGCTCTCCGTCACACCTGGTCAGCCAGCCTCCATTTCGTGTAGGAGCAGCAGATCTCTTGTCCACTCTCGGGGCAATACATATCTTCACTGGTACCTTCAGAAGCCCGGACAGTCCCCCCAATTGCTAATCTACAAGGTGTCAAACAGATTCATCGGCGTGCCAGATAGGTTTTCAGGGTCTGGATCCGGTACCGACTTCACCTTGAAGATCTCGCGGGTGGAAGCGGAAGACGTGGGCGTGTACTACTGCTCTCAGAGTACCCACCTCCCCTTTACCTTCGGACAGGGGACCAAACTTGAAATTAAAAGAACAGTTGCAGCCCCAAGCGTTTTCATCTTTCCACCCAGTGATGAACAGCTAAAGTCAGGCACCGCATCCGTAGTTTGCCTCCTTAATAATTTCTACCCTCGCGAGGCCAAAGTACAATGGAAGGTCGACAACGCTCTACAAAGTGGCAACTCCCAGGAGTCCGTAACAGAGCAAGACTCAAAGGATAGCACTTATTCACTTTCTAGTACACTAACTCTCTCTAAGGCAGACTACGAGAAACACAAGGTGTACGCCTGCGAAGTCACCCACCAAGGGCTATCATCACCCGTGACAAAGTCCTTCAACCGCGGCGAATGT
gene_12,GAGGTCCAGCTGGTAGAAAGCGGTGGCGGTTTGGAGCAACCAGGCGGCTCTCTTCGGCTCTCGTGCGCCGGTTCCGGCTTCACTTTCCGGGACTACGCCATGACATGGGTGCGGCAGGCACCTGGCAAGGGCCTCGAATGGGTCTCCAGCATCTCAGGATCCGGCGGTAACACTTATTACGCTGACTCCGTTAAGGGCAGGTTTACTATTAGCAGAGACAACAGCAAGAACACACTCTACCTACAGATGAACTCACTACGCGCTGAGGACACGGCTGTCTACTATTGTGCGAAGGACCGGTTGTCAATCACCATTAGACCTCGATACTACGGTCTCGATGTGTGGGGGCAGGGAACAACCGTTACAGTCTCATCAGCCAGCACGAAAGGTCCGTCAGTGTTCCCCCTGGCCCCATGCAGTAGAAGCACGAGCGAGTCAACTGCCGCCCTGGGTTGCCTGGTGAAAGATTACTTCCCCGAACCTGTTACTGTGAGCTGGAACTCCGGTGCTCTGACCAGCGGGGTGCATACCTTTCCAGCAGTTTTGCAGTCATCAGGACTGTACTCCTTGTCGAGCGTGGTGACCGTCCCGTCCTCTTCCCTCGGGACTAAGACCTACACCTGCAATGTCGACCACAAGCCGTCTAATACAAAAGTAGATAAGCGGGTGGAATCTAAGTACGGCCCACCATGCCCACCCTGTCCCGCTCCAGAATTTCTGGGCGGTCCTTCAGTCTTCCTGTTTCCACCTAAACCAAAGGATACCCTGATGATTTCTAGAACTCCAGAGGTGACCTGTGTCGTTGTAGATGTAAGCCAGGAGGACCCAGAGGTGCAATTTAACTGGTACGTCGATGGCGTCGAAGTGCATAACGCCAAAACCAAGCCGCGGGAGGAACAGTTTAATAGTACCTATCGCGTGGTGAGTGTCCTGACAGTGCTGCATCAGGATTGGCTGAACGGCAAAGAATACAAGTGCAAGGTGTCCAATAAAGGACTGCCTTCTTCGATTGAGAAGACAATCTCTAAGGCCAAAGGACAGCCCCGTGAACCACAGGTATACACCCTTCCCCCAAGCCAAGAAGAAATGACCAAAAATCAAGTATCCCTCACATGTCTTGTGAAGGGCTTTTATCCTAGTGACATTGCAGTAGAATGGGAAAGTAACGGTCAGCCCGAGAACAATTATAAGACTACTCCGCCCGTATTGGACTCCGACGGCAGTTTCTTCTTGTACTCTAGACTGACAGTCGATAAAAGCCGATGGCAGGAGGGCAACGTGTTCAGCTGCTCCGTCATGCACGAAGCATTGCACAACCACTATACCCAGAAGTCTTTGTCACTCAGCCTCGGA
gene_31,GAGATAGTCTTGACCCAGTCCCCCGGCACCCTGAGTCTTAGCCCAGGAGAGCGCGCCACTCTCAGCTGCCGGGCGTCTCAATCCGTGGGTTCTTCTTACCTCGCGTGGTACCAGCAAAAGCCCGGGCAGGCGCCTCGCCTGCTGATCTACGGCGCTTTCTCCCGCGCTACCGGTATACCCGACCGCTTCTCAGGGTCAGGGTCTGGAACCGACTTCACACTCACTATTTCGAGGTTAGAGCCCGAAGATTTTGCGGTCTATTATTGTCAGCAGTACGGCAGCTCACCCTGGACTTTCGGCCAGGGTACAAAGGTCGAGATCAAAAGAACAGTCGCAGCTCCTTCAGTGTTCATCTTCCCCCCTTCAGATGAGCAACTGAAATCCGGTACTGCCTCTGTGGTCTGCCTCCTAAACAACTTCTACCCCAGAGAGGCAAAGGTGCAGTGGAAGGTAGACAACGCTTTACAGTCTGGGAATTCGCAGGAGAGTGTGACCGAGCAGGATAGCAAAGATTCAACCTACTCGCTGTCATCCACTCTCACTCTGTCCAAGGCAGACTACGAAAAGCACAAGGTCTACGCTTGCGAGGTTACACATCAGGGGTTGTCTAGCCCCGTCACTAAGTCTTTTAACCGCGGGGAGTGC
gene_3,GAAGTGCAGCTGGTAGAGAGTGGGGGCGGGCTGGTGCAGCCCGGGGGAAGCTTAAGGTTGTCTTGCGCTGCTTCTGGATACGACTTCGACAACTACGGTATGAATTGGGTGCGGCAGGCACCAGGCAAAGGACTGGAGTGGGTAGGCTGGATCAACACATACACCGGAGAACCAACCTACGCTGCCGACTTTAAACGACGGTTTACATTTTCGCTGGATACCTCAAAGAGTACTGCATATTTACAAATGAACAGCCTGCGGGCAGAGGATACTGCTGTGTACTATTGCGCTAAATATCCTCACTATTATGGGAGTAGCCATTGGTACTTCGATGTCTGGGGGCAGGGCACTCTTGTGACGGTTAGCAGCGCCTCTACTAAGGGCCCCTCTGTGTTTCCACTCGCACCATCAAGCAAGTCTACAAGCGGCGGAACAGCAGCCTTGGGTTGTCTGGTTAAGGACTACTTTCCGGAACCAGTGACCGTCAGCTGGAATTCTGGAGCCCTGACCTCCGGCGTTCATACCTTCCCGGCGGTGCTGCAGTCGTCCGGTCTGTATTCTTTAAGTTCTGTGGTAACCGTACCAAGCTCATCCTTGGGCACTCAGACCTACATCTGCAATGTCAACCATAAACCAAGCAACACTAAGGTTGACAAGAAGGTGGAGCCAAAATCCTGTGATAAAACACACACC
gene_49,CAGATCGTGCTGATTCAGAGCCCTGCCATCATGTCTGCAAGCCCAGGAGAGAAAGTTACCATGACCTGTTCAGCAAGTTCCAGTGTCAGTTATATGTACTGGTATCAGCAGAAACCTGGATCCTCCCCACGGCTGCTGATCTACGACACTTCCAACCTGGCTAGTGGAGTGCCGGTCAGGTTTTCCGGCTCCGGGAGTGGGACTAGCTATAGCCTGACCATTAGTCGCATGGAGGCCGAAGATGCTGCTACCTATTATTGTCAGCAGTGGAGCGGCTACCCATACACCTTCGGAGGCGGGACGAAGCTGGAAATCAAGCGGACAGTTGCAGCCCCCAGTGTGTTTATATTCCCTCCCTCCGACGAGCAACTTAAGTCTGGAACCGCAAGTGTGGTCTGCCTCCTGAATAATTTTTATCCTCGGGAGGCAAAGGTGCAATGGAAGGTGGATAACGCACTCCAGAGCGGAAACTCCCAGGAGTCTGTGACAGAACAGGACTCTAAAGATAGTACATACTCTCTCAGTTCCACCCTGACGTTGTCCAAGGCAGATTACGAGAAGCATAAAGTATACGCCTGCGAAGTCACCCATCAGGGCCTATCTAGCCCCGTGACTAAGTCATTCAACAGAGGAGAGTGT
gene_28,GAGGTTCAGCTTGTGCAGTCTGGGGCAGAGGTGAAGAAACCAGGGGCGTCTGTCAAGGTAAGTTGCAAAGCCTCAGGGTATACCTTCACGTCATACGTCATTCACTGGGTCAGGCAGCGCCCTGGTCAGGGCCTCGCGTGGATGGGCTATATCAACCCCTACAACGATGGGACCAAATACAATGAGCGTTTCAAGGGCAAAGTTACGATCACGTCAGACAGGTCAACGAGCACAGTATACATGGAGCTTTCTTCATTAAGATCGGAAGACACAGCCGTGTATCTATGCGGGCGGGAAGGAATTAGGTATTATGGATTATTGGGCGATTATTGGGGACAGGGAACATTGGTCACGGTCTCATCCGCCAGCACCAAGGGCCCTTCAGTCTTTCCCTTGGCACCATCGTCCAAGTCTACATCAGGTGGGACAGCCGCCCTGGGCTGTCTCGTGAAGGACTATTTCCCCGAGCCTGTAACCGTCTCCTGGAATAGCGGCGCCTTGACAAGCGGGGTTCACACATTCCCTGCCGTATTGCAGAGTAGCGGACTGTACAGTCTTAGCAGCGTGGTCACCGTCCCCAGCTCCTCGCTGGGTACACAGACTTACATCTGTAACGTCAACCATAAGCCCTCTAACACGAAGGTGGATAAAAAAGTGGAACCTAAGTCCTGTGATAAAACTCACACTTGCCCCCCTTGTCCCGCCCCAGAACTCTTAGGGGGACCTAGTGTCTTCCTGTTCCCTCCTAAACCGAAAGACACCCTGATGATCTCCCGGACCCCCGAAGTCACTTGTGTGGTAGTCGACGTTTCCCACGAAGATCCCGAGGTGAAGTTTAACTGGTACGTGGATGGAGTCGAAGTTCACAACGCTAAGACTAAGCCGAGGGAGGAGCAGTACAACAGTACCTATAGGGTTGTGAGCGTGCTGACTGTCCTGCATCAAGATTGGCTGAATGGGAAAGAGTATAAATGCAAAGTTTCAAATAAAGCTCTCCCTGCCCCCATCGAGAAGACCATTAGCAAGGCTAAGGGGCAGCCCCGAGAACCACAGGTCTACACACTGCCCCCAAGTAGGGATGAACTGACAAAGAATCAGGTGAGCCTGACTTGTCTCGTCAAGGGATTTTACCCCAGCGACATTGCCGTGGAATGGGAATCAAACGGCCAGCCAGAGAATAACTACAAGACCACCCCACCGGTCCTGGATTCCGATGGATCATTTTTCCTCTACTCTAAATTGACAGTAGACAAGTCAAGATGGCAGCAGGGTAACGTGTTCAGTTGCTCAGTTATGCACGAGGCCCTGCACAACCACTACACCCAAAAGTCCTTATCCCTGAGTCCTGGCAAG
gene_15,GAAATTGTGCTGACTCAGAGTCCTGGTACTCTGTCATTAAGCCCCGGAGAGAGGGCCACTCTGTCTTGCCGGGCATCACAATCTGTTTCCTCAAGCTACCTGGCCTGGTATCAGCAGAAACCAGGCCAGGCACCGAGGCTGCTTATCTACGGCGCCTCCAGCAGAGCCACTGGCATACCTGATAGATTTTCTGGCTCCGGATCCGGGACTGACTTTACACTGACAATCTCCCGCCTGGAGCCCGAAGACTTTGCAGTGTACTACTGCCAGCAGTATGGCAGTTCCCCATGCACCTTCGGCCAGGGGACTCGCCTCGAGATTAAACGGACCGTTGCCGCACCCAGCGTTTTCATCTTCCCTCCATCCGACGAGCAGCTCAAGAGCGGGACTGCTTCAGTAGTGTGTCTGCTCAACAATTTTTACCCAAGAGAGGCTAAGGTCCAGTGGAAAGTGGACAACGCCCTTCAAAGCGGGAATTCACAGGAGAGCGTAACTGAACAGGACTCGAAAGACAGCACCTATTCCCTGTCTTCAACACTCACTCTGAGCAAGGCTGATTACGAGAAGCACAAAGTATATGCGTGCGAGGTGACACACCAGGGACTGTCATCTCCAGTCACAAAGAGCTTCAACCGTGGAGAGTGT
gene_50,GAGGTTCAGCTCGTAGAGTCTGGCGGGGGGCTTGTACAGCCCGGTGGCTCTTTGAGACTGAGTTGCGCTGCCAGCGGGAGGACATTTAGCTACAATCCGATGGGATGGTTCCGCCAGGCCCCCGGAAAAGGGAGGGAACTCGTGGCCGCTATTAGCCGCACAGGAGGGTCTACCTACTATCCCGACTCTGTTGAGGGGCGGTTTACAATTAGCAGAGACAATGCAAAGCGTATGGTATATCTCCAGATGAACTCCCTGAGAGCGGAGGATACCGCCGTCTATTATTGTGCCGCCGCAGGTGTCCGAGCCGAGGATGGGCGCGTGAGAACTCTGCCTAGCGAATACACTTTTTGGGGCCAGGGTACCCAGGTCACCGTCAGTTCCGCAGCCGCTGAGGTGCAGTTAGTAGAGAGCGGCGGGGGCCTGGTTCAGCCCGGCGGCTCCTTGCGGCTGAGCTGCGCTGCCAGCGGGCGAACATTTTCCTATAATCCAATGGGCTGGTTCCGCCAAGCTCCCGGCAAGGGAAGAGAGCTCGTCGCTGCAATCTCTAGAACAGGAGGGAGTACATACTACCCAGATTCTGTTGAAGGCAGGTTTACAATTAGCCGTGACAACGCGAAACGGATGGTTTACCTCCAAATGAATTCCCTGCGCGCAGAAGATACAGCTGTGTATTACTGTGCTGCTGCCGGCGTCCGAGCAGAAGATGGCCGGGTTAGAACGCTCCCAAGCGAATACACCTTTTGGGGCCAGGGTACACAGGTCACCGTCTCTAGC
gene_17,GAGATTGTGCTGACTCAGAGCCCTGCTACATTAAGCCTGAGTCCGGGCGAAAGAGCCACATTGAGCTGTCGAGCCTCTCAAAGCGTGTCTAGCTACCTCGCCTGGTACCAGCAGAAACCCGGCCAGGCTCCAAGACTGCTTATCTATGACGCATCTAACCGGGCTACCGGCATTCCAGCTCGGTTCAGTGGTTCCGGCTCGGGCACGGACTTTACCCTAACAATTTCTTCTCTGGAACCCGAGGATTTTGCGGTGTACTATTGTCAGCAATCCAGCAACTGGCCCAGAACCTTCGGCCAGGGGACCAAGGTTGAGATTAAGAGAACCGTGGCGGCCCCATCTGTTTTTATATTTCCTCCTTCCGACGAACAACTCAAGAGTGGCACCGCTTCCGTCGTGTGCCTGCTGAACAACTTCTACCCAAGGGAGGCCAAAGTCCAATGGAAAGTGGATAATGCGCTCCAGTCCGGCAACTCTCAAGAGTCCGTGACAGAGCAGGATAGCAAGGATTCTACATACAGTTTGTCTTCGACGCTGACCCTTAGTAAAGCCGACTACGAGAAACACAAGGTGTATGCATGCGAGGTGACACATCAGGGCCTCTCGTCTCCCGTAACTAAGAGTTTTAACAGGGGTGAATGC
gene_52,GAAGTACAACTAGTTGAGTCAGGAGGTGGGCTCGTCCAGCCCGGGGGTTCTCTGCGACTCTCTTGCGCCGCTAGCGGGTACGACTTTACACACTACGGCATGAATTGGGTGCGCCAGGCACCCGGCAAAGGCCTCGAGTGGGTGGGCTGGATCAATACTTACACGGGCGAGCCGACATATGCTGCCGACTTTAAGCGTCGGTTCACTTTCAGCCTGGATACCTCCAAGTCCACCGCGTACCTTCAGATGAATTCCCTCAGAGCGGAAGACACAGCTGTCTACTACTGCGCCAAGTACCCCTACTATTATGGAACGTCCCATTGGTACTTTGACGTGTGGGGTCAGGGCACCCTAGTGACCGTGAGTTCCGCAAGTACTAAAGGGCCCAGTGTCTTCCCACTGGCCCCTAGCAGTAAGTCAACATCCGGAGGAACCGCCGCCCTAGGGTGTCTAGTAAAGGATTACTTTCCCGAACCCGTGACGGTGAGTTGGAACAGTGGGGCACTGACTTCAGGAGTGCACACCTTTCCTGCGGTTCTGCAAAGCTCAGGACTGTACTCTCTCAGCAGCGTGGTGACCGTGCCAAGCTCCTCTTTGGGCACCCAGACCTACATCTGCAACGTGAATCATAAACCCTCCAACACCAAAGTGGACAAAAAGGTGGAGCCAAAGAGTTGCGATAAGACGCACCTT
gene_1,GATATCCAGATGACCCAGTCCCCCAGCAGCCTCTCCGCTTCCGTGGGGGACAGAGTAACCATTACCTGCTCTGCAAGCCAAGACATTTCCAATTATCTGAACTGGTATCAGCAAAAACCAGGTAAAGCTCCTAAGGTGCTCATCTACTTTACCGATGATTTGCACAGCGGGGTGCCCAGCAGGTTTTCCGGATCCGGATCAGGGACAGACTTCACACTAACCATTAGTTCCTTGCAACCTGAGGATTTCGCTACCTATTACTGCCAGCAGTATTCCACCGTGCCTTGGACTTTCGGCCAGGGAACAAAAGTGGAAATAAAGCGGACGGTGGCTGCCCCCTCCGTTTTTATTTTCCCACCCTCGGACGAACAGCTAAAGAGCGGGACTGCAAGCGTGGTATGCCTGCTAAATAATTTCTATCCCAGGGAGGCCAAAGTACAGTGGAAAGTCGATAACGCATTGCAGAGTGGCAACTCACAGGAAAGCGTGACGGAACAGGACAGCAAGGACAGTACTTACTCTCTGAGTTCTACTCTAACACTATCTAAAGCTGATTATGAAAAGCATAAGGTGTACGCTTGCGAGGTTACTCACCAGGGCCTCTCCAGTCCCGTGACCAAATCATTCAATAGAGGCGAGTGC
gene_33,GACATTCAGATGACACAGTCCCCTTCCTCACTGAGCGCATCTGTGGGTGATCGCGTGACTATAACATGTAAGGCCAGTCAAGATGTCGGTATTGCTGTGGCCTGGTATCAACAGAAACCTGGCAAGGTGCCAAAACTGCTAATATACTGGGCCTCCACACGCCATACGGGAGTGCCTGACCGGTTCAGCGGAAGTGGCAGTGGCACCGATTTTACCCTGACCATCTCCAGTCTACAGCCCGAAGATGTGGCAACATATTACTGTCAACAATACTCGTCGTATCCGTACACATTCGGTCAGGGAACTAAAGTCGAGATTAAAAGAACGGTAGCTGCGCCCTCAGTGTTTATATTCCCTCCTTCTGATGAGCAGCTCAAAAGCGGCACCGCCTCTGTGGTTTGCTTACTCAATAATTTCTATCCTAGAGAAGCAAAGGTGCAGTGGAAGGTGGACAACGCTCTGCAGTCCGGAAATTCCCAGGAGTCTGTGACTGAACAGGATTCGAAGGATTCAACTTACAGCCTGAGTAGTACACTGACGCTGTCAAAGGCTGACTATGAGAAGCACAAGGTGTACGCATGCGAAGTGACGCACCAGGGGCTTAGCTCTCCGGTGACTAAGTCCTTTAATCGGGGGGAATGC
gene_5,CAGGTCCAGCTCCAGGAGAGTGGTCCCGGACTCGTTCGCCCCTCACAGACCTTAAGTTTGACTTGCACGGTCTCTGGCTACAGTATTACTTCCGACCACGCCTGGAGTTGGGTGAGGCAGCCTCCTGGACGTGGACTTGAATGGATTGGGTATATCAGTTACTCTGGAATCACGACGTATAACCCAAGTCTGAAATCGCGGGTGACAATGTTGAGGGATACTTCTAAGAATCAGTTTAGCTTACGACTTAGCAGCGTGACCGCCGCAGATACTGCTGTGTATTATTGTGCTAGATCACTCGCCCGAACCACTGCAATGGACTATTGGGGCCAGGGGTCTCTCGTCACTGTCTCTTCCGCGTCTACCAAAGGACCCTCCGTGTTTCCCTTGGCCCCAAGTAGCAAATCGACCAGTGGGGGGACTGCAGCTCTTGGATGTCTGGTAAAGGATTATTTTCCAGAGCCCGTGACCGTCAGCTGGAATTCCGGCGCTCTCACATCTGGGGTGCACACCTTCCCCGCTGTTCTGCAGTCCAGCGGCCTGTATTCCCTAAGTTCAGTGGTAACGGTGCCATCCTCTAGCCTTGGCACCCAGACCTACATCTGTAACGTTAATCACAAACCATCCAACACCAAGGTCGATAAGAAGGTCGAGCCGAAGTCTTGCGACAAGACTCACACATGCCCCCCATGCCCAGCACCAGAGTTGCTGGGGGGGCCATCCGTGTTCCTCTTCCCCCCTAAGCCCAAAGATACGCTGATGATCAGCAGAACCCCTGAGGTTACCTGCGTGGTGGTGGATGTGAGCCACGAAGACCCCGAGGTTAAGTTTAATTGGTACGTGGATGGCGTGGAGGTGCACAACGCCAAGACAAAACCCAGGGAAGAACAGTATAACTCCACCTATAGGGTGGTTTCGGTGCTGACTGTGCTGCACCAGGACTGGCTGAATGGAAAGGAATACAAGTGTAAGGTTTCCAATAAGGCTCTCCCTGCCCCCATCGAAAAGACCATTTCAAAGGCCAAAGGACAGCCCAGGGAACCTCAAGTGTATACCTTGCCACCATCCCGCGAGGAAATGACCAAGAACCAGGTCTCCCTCACCTGTCTCGTGAAAGGATTTTATCCTAGTGACATCGCCGTGGAATGGGAAAGCAACGGACAGCCCGAGAATAACTATAAGACAACTCCCCCCGTGCTGGACAGTGACGGCAGCTTTTTCCTGTATTCCAAGCTGACAGTGGACAAGTCCAGATGGCAGCAGGGGAATGTGTTCTCCTGCTCAGTCATGCATGAGGCATTACATAATCACTATACACAGAAGTCACTGTCTCTTTCGCCAGGC
gene_37,GAGGTGCAGCTCGTCGAGTCCGGCGGGGGTCTGGTGCAGCCCGGGGGGAGTCTCCGTCTCAGCTGCGCCGCCAGCGGATATGTTTTCACCGACTACGGGATGAACTGGGTGAGGCAGGCTCCAGGTAAGGGTTTGGAATGGATGGGGTGGATTAACACATATATTGGGGAGCCTATCTACGCGGATTCTGTGAAGGGTAGATTTACGTTTAGCCTCGATACAAGTAAATCAACCGCCTACCTCCAGATGAATTCTCTGAGGGCTGAGGACACAGCCGTGTACTACTGCGCCCGCGGCTATAGAAGTTACGCCATGGATTACTGGGGCCAAGGGACTCTCGTGACTGTGTCGTCGGCTTCCACCAAAGGACCCTCTGTTTTTCCTTTGGCCCCCAGCTCTAAATCTACAAGTGGGGGAACAGCAGCCCTCGGATGTTTAGTCAAAGATTACTTCCCCGAACCAGTGACTGTAAGTTGGAATTCAGGGGCCCTAACCTCCGGTGTGCACACCTTCCCAGCCGTTTTGCAGTCAAGCGGCCTTTATAGTTTGAGTTCGGTGGTCACCGTACCAAGCAGTAGCCTAGGTACACAGACATACATCTGCAACGTGAACCATAAACCCTCAAACACCAAGGTGGATAAAAAGGTCGAGCCTAAGAGCTGTGACAAGACGCATACCTGTGCCGCC
gene_13,GATATTGTTATGACACAGAGCCCATTGAGTCTGCCGGTGACCCCAGGAGAGCCAGCAAGTATCAGCTGCCGGAGTTCACAGAGCCTCCTGTACTCAATCGGCTATAACTACCTTGACTGGTATCTCCAGAAATCTGGCCAATCCCCCCAGCTTCTGATTTATCTGGGATCAAATAGAGCTTCAGGCGTCCCTGACCGATTCTCCGGTAGCGGCTCAGGGACAGACTTCACACTGAAGATTTCAAGGGTAGAAGCCGAGGACGTCGGGTTCTACTACTGCATGCAGGCTCTGCAAACCCCTTACACATTTGGCCAGGGGACTAAGCTGGAGATTAAGCGGACCGTCGCAGCACCAAGCGTATTTATCTTTCCGCCATCTGACGAGCAGCTCAAAAGTGGTACTGCTAGCGTGGTGTGCTTGCTGAATAACTTCTATCCAAGAGAGGCTAAGGTCCAATGGAAGGTTGACAATGCCCTTCAGTCTGGTAATAGCCAGGAATCCGTAACAGAGCAGGATAGCAAGGATTCCACATATTCTCTGAGTAGCACCCTAACACTGTCCAAAGCTGACTATGAAAAGCACAAGGTCTATGCCTGTGAGGTTACCCACCAGGGCCTTTCTAGCCCCGTGACAAAATCGTTTAATAGAGGTGAGTGC
gene_56,CAAGTTCAACTGGTGCAGAGCGGCGCCGAGGTCAAGAAACCCGGTAGCTCTGTAAAGGTGTCTTGCAAAGCCAGTGGGTATAGCTTCACAGATTACCATATTCATTGGGTACGTCAGGCCCCTGGACAGGGTCTTGAATGGATGGGAGTAATCAATCCCATGTATGGGACTACCGACTACAACCAGCGGTTCAAGGGCCGCGTCACCATTACCGCTGATGAAAGTACATCCACTGCCTATATGGAACTGAGCAGCCTCAGGTCGGAGGACACTGCGGTATATTATTGTGCCAGATATGATTACTTTACGGGCACGGGCGTCTATTGGGGACAGGGCACACTGGTCACCGTCTCCTCAGCCAGTACAAAGGGACCTAGCGTGTTCCCCCTGGCTCCTTGCTCTCGAAGCACGAGTGAGAGTACTGCCGCATTGGGTTGCTTGGTGAAGGACTATTTTCCCGAGCCTGTGACCGTGAGCTGGAACAGTGGTGCCCTCACTAGCGGGGTTCATACTTTTCCCGCCGTTCTCCAGTCATCAGGTCTATATTCATTGTCCTCTGTTGTTACAGTGCCGAGTAGTTCACTGGGGACAAAGACGTATACGTGCAATGTGGATCACAAGCCTAGCAATACCAAGGTAGACAAACGCGTCGAAAGTAAGTACGGACCACCCTGCCCTCCATGCCCCGCCCCTGAGTTCCTCGGTGGCCCCTCAGTCTTTTTATTTCCCCCGAAGCCCAAGGATACATTGATGATTTCAAGAACCCCCGAAGTGACCTGCGTAGTGGTCGACGTCAGCCAGGAGGACCCCGAAGTGCAATTCAATTGGTACGTCGACGGTGTGGAAGTGCACAATGCCAAAACGAAACCTAGGGAGGAACAGTTCAATTCGACTTATCGCGTGGTGAGTGTGCTAACCGTCCTTCACCAGGACTGGCTGAACGGCAAGGAGTATAAATGCAAGGTGTCGAACAAGGGTCTGCCCAGTAGCATCGAGAAGACCATAAGCAAAGCTAAGGGTCAACCACGAGAGCCCCAGGTGTACACACTCCCCCCGTCTCAGGAGGAGATGACAAAGAACCAGGTTTCACTGACCTGTCTGGTGAAAGGTTTTTATCCTAGCGACATTGCCGTCGAGTGGGAAAGTAACGGTCAGCCAGAGAACAATTACAAGACAACCCCCCCCGTGCTGGACTCAGACGGAAGCTTCTTCCTCTATAGCCGATTAACCGTCGACAAAAGTAGATGGCAGGAGGGGAATGTGTTTAGCTGCTCCGTCATGCATGAAGCCCTCCACAACCATTACACACAGAAGTCCCTCAGTCTGAGCCTGGGA
gene_11,GAAATCGTCCTGACCCAGAGTCCCGCGACACTGTCTTTGAGCCCAGGAGAACGGGCTACACTTAGTTGTAGAGCCTCCAAAGGTGTCTCCACAAGTGGATATTCATACCTCCATTGGTATCAGCAAAAGCCTGGCCAGGCTCCCAGACTGCTGATCTATCTAGCTTCATACCTGGAGAGTGGTGTCCCTGCAAGATTTAGTGGCTCGGGCTCAGGAACAGATTTCACTCTAACAATCTCAAGCCTCGAGCCCGAAGATTTCGCCGTGTATTATTGCCAGCATTCGAGGGACCTGCCCCTGACGTTTGGTGGGGGCACCAAAGTTGAGATCAAAAGGACAGTCGCAGCTCCGTCAGTGTTCATTTTCCCTCCCTCTGATGAGCAGCTCAAGTCGGGAACTGCCTCGGTCGTGTGTTTGCTGAATAACTTCTACCCTAGAGAAGCCAAGGTCCAGTGGAAGGTGGATAATGCCCTACAGAGCGGCAATTCTCAAGAGTCAGTGACTGAGCAGGATAGTAAAGATAGCACCTACAGTCTCAGCTCGACTCTGACTCTTTCTAAAGCAGATTATGAGAAACACAAGGTGTACGCTTGCGAAGTCACTCATCAAGGACTTTCTTCTCCAGTCACCAAGAGTTTTAACAGAGGCGAGTGC
gene_54,CAGATCGTGCTGAGCCAAAGTCCTGCTATTCTCAGTGCGTCTCCTGGAGAGAAGGTGACAATGACTTGTAGAGCCTCTAGTTCTGTGTCATACATCCACTGGTTCCAGCAAAAGCCCGGGTCCAGCCCCAAGCCCTGGATTTACGCCACAAGTAATCTGGCCAGCGGCGTTCCCGTCAGGTTCAGCGGGTCCGGGTCAGGCACCTCTTACTCGCTGACGATCTCTAGAGTCGAGGCAGAAGATGCAGCTACGTACTATTGCCAGCAATGGACGTCCAATCCTCCTACGTTTGGCGGGGGTACTAAACTGGAAATCAAACGCACCGTAGCAGCACCATCTGTGTTTATTTTCCCACCCTCCGACGAGCAGCTGAAATCCGGCACTGCCTCAGTCGTCTGCTTGCTCAACAACTTTTATCCCAGGGAAGCGAAAGTTCAGTGGAAAGTGGATAACGCCCTGCAGAGCGGGAACAGTCAGGAAAGCGTGACTGAGCAGGATTCCAAGGACTCCACATACTCCCTCTCATCCACTCTGACCCTTAGTAAGGCCGATTATGAGAAGCATAAGGTGTACGCATGTGAGGTTACCCACCAGGGTCTGTCTTCACCTGTTACCAAGAGTTTTAACAGGGGAGAGTGC
gene_35,GATATCCAGATGACGCAGTCACCAAGTAGCGTGTCTGCCTCTATCGGAGACCGCGTGACTATCACCTGTAGAGCCAGCCAGGGCATTGACAACTGGCTTGGCTGGTATCAGCAAAAACCAGGGAAGGCACCAAAACTCCTGATCTACGATGCATCGAACCTGGATACCGGGGTTCCGTCCCGCTTCTCCGGGAGCGGTTCCGGCACCTATTTCACCCTGACCATATCCTCTCTTCAGGCCGAAGACTTTGCAGTCTATTTTTGTCAACAAGCCAAAGCTTTCCCACCTACCTTTGGGGGAGGTACTAAAGTTGACATTAAGGGGACTGTTGCGGCTCCTTCAGTGTTCATCTTTCCCCCCTCAGATGAGCAGCTTAAATCTGGAACAGCTTCCGTCGTGTGCCTGCTGAACAACTTTTATCCGAGGGAGGCAAAAGTGCAATGGAAGGTGGATAATGCACTGCAATCCGGTAACTCCCAGGAATCCGTGACAGAGCAGGACAGCAAAGACAGCACTTACTCTTTGTCCTCTACCCTCACACTATCTAAAGCCGATTACGAAAAACACAAAGTCTATGCCTGTGAGGTGACCCACCAGGGGCTGTCAAGCCCTGTGACAAAGTCCTTTAACAGAGGAGAATGC
gene_7,GAGGTTCAGCTCGTCGAGAGTGGCGGTGGGCTGGTGCAGCCAGGGAGATCGCTACGGCTTAGTTGCGCAGCCTCCGGATTCACCTTTGATGACTATGCCATGCACTGGGTCAGACAGGCTCCCGGCAAGGGGCTAGAGTGGGTTAGTGCTATCACATGGAACAGTGGGCACATTGATTACGCTGACTCAGTTGAAGGAAGATTCACGATTTCTCGTGATAATGCCAAAAACTCCCTCTACTTACAGATGAACTCTCTAAGAGCTGAAGATACTGCAGTGTACTACTGTGCAAAGGTGTCCTACCTGTCAACAGCCTCTAGTCTGGACTACTGGGGACAGGGCACACTCGTCACAGTCAGTTCAGCATCGACCAAGGGGCCAAGCGTGTTCCCGCTGGCACCTTCTTCAAAGTCTACTAGCGGCGGTACAGCCGCTCTGGGCTGTCTAGTAAAGGACTACTTTCCCGAGCCGGTAACCGTAAGCTGGAACTCTGGCGCCCTCACGTCAGGGGTTCATACCTTTCCAGCTGTATTACAGAGCTCGGGTCTTTATTCCCTGTCATCAGTTGTTACGGTTCCTAGCAGCAGCCTGGGCACCCAAACTTATATTTGCAATGTCAACCACAAACCATCAAATACAAAGGTGGATAAAAAGGTTGAGCCTAAATCATGCGATAAAACTCACACATGTCCTCCTTGCCCTGCCCCAGAGTTACTTGGCGGGCCATCCGTGTTTCTGTTTCCCCCAAAGCCAAAAGATACACTTATGATTTCTAGAACTCCAGAGGTGACTTGCGTCGTCGTTGACGTGAGCCATGAGGACCCTGAAGTCAAATTCAATTGGTACGTGGATGGTGTAGAGGTCCACAACGCTAAGACTAAGCCTAGAGAGGAACAGTACAATAGTACATATAGGGTGGTTAGTGTACTGACGGTGCTCCATCAGGATTGGTTAAATGGGAAGGAGTATAAGTGTAAAGTTAGTAACAAAGCGCTGCCCGCCCCCATTGAAAAGACGATCTCTAAAGCAAAAGGACAGCCTAGGGAACCCCAAGTGTATACATTGCCTCCCAGCCGCGATGAGTTAACCAAAAATCAGGTCAGCCTTACCTGCCTGGTTAAAGGATTCTACCCTTCAGACATCGCTGTTGAGTGGGAATCCAATGGCCAGCCAGAGAACAACTACAAGACTACCCCCCCCGTGCTGGACTCCGATGGGTCCTTCTTCCTGTACTCTAAGTTAACTGTCGACAAATCGCGCTGGCAACAAGGGAATGTTTTCTCTTGTAGCGTGATGCATGAGGCTCTACATAACCACTATACGCAGAAGAGCCTTAGCCTCAGCCCGGGTAAA
